{"schema":5,"addons":[{"id":"firebug@software.joehewitt.com","icons":{"32":"https://addons.cdn.mozilla.net/user-media/addon_icons/1/1843-32.png?modified=1508858901","64":"https://addons.cdn.mozilla.net/user-media/addon_icons/1/1843-64.png?modified=1508858901"},"compatibilityOverrides":[{"type":"incompatible","minVersion":"0","maxVersion":"1.7.3","appID":"{ec8030f7-c20a-464f-9b0e-13a3a9e97384}","appMinVersion":"6.0a1","appMaxVersion":"*"}],"name":"Firebug","type":"extension","version":"2.0.19","repositoryStatus":4,"creator":{"name":"Joe Hewitt","url":"https://addons.mozilla.org/en-US/firefox/user/joe-hewitt/?src=api"},"developers":[{"name":"Jan Odvarko","url":"https://addons.mozilla.org/en-US/firefox/user/jan-odvarko/?src=api"},{"name":"robcee","url":"https://addons.mozilla.org/en-US/firefox/user/robcee/?src=api"},{"name":"Firebug Working Group","url":"https://addons.mozilla.org/en-US/firefox/user/firebugworkinggroup/?src=api"}],"description":"Firebug integrates with Firefox to put a wealth of development tools at your fingertips while you browse. You can edit, debug, and monitor CSS, HTML, and JavaScript live in any web page...","fullDescription":"On November 14, with the launch of Firefox Quantum (AKA 57), support for old school extensions will stop in Firefox. That means Firebug will no longer work for many developers. However, the work continues in the great Firefox devtools. You can try Firefox devtools by updating your release browser or downloading Developer Edition.\n\nRead more here\n\n\nFollow Firebug news on Twitter\n\nCompatibility table:\n\n    Firefox 3.6 with Firebug 1.7.3\n    Firefox 4.0 with Firebug 1.7.3\n    Firefox 5.0 with Firebug 1.8.2 (and also Firebug 1.7.3)\n    Firefox 6.0 with Firebug 1.8.2 (and also Firebug 1.9)\n    Firefox 7.0 with Firebug 1.8.2 (and also Firebug 1.9)\n    Firefox 8.0 with Firebug 1.8.3 (and also Firebug 1.9)\n    Firefox 9.0 with Firebug 1.8.4 (and also Firebug 1.9)\n    Firefox 10.0 with Firebug 1.9\n    Firefox 11.0 with Firebug 1.9\n    Firefox 12.0 with Firebug 1.9\n    Firefox 13.0 with Firebug 1.10 (and also Firebug 1.9)\n    Firefox 14.0 with Firebug 1.10\n    Firefox 15.0 with Firebug 1.10\n    Firefox 16.0 with Firebug 1.10\n    Firefox 17.0 with Firebug 1.11 (and also Firebug 1.10)\n    Firefox 18.0 with Firebug 1.11\n    Firefox 19.0 with Firebug 1.11\n    Firefox 20.0 with Firebug 1.11\n    Firefox 21.0 with Firebug 1.11\n    Firefox 22.0 with Firebug 1.11\n    Firefox 23.0 with Firebug 1.12 (and also Firebug 1.11)\n    Firefox 24.0 with Firebug 1.12\n    Firefox 25.0 with Firebug 1.12\n    Firefox 26.0 with Firebug 1.12\n    Firefox 27.0 with Firebug 1.12\n    Firefox 28.0 with Firebug 1.12\n    Firefox 29.0 with Firebug 1.12\n    Firefox 30.0 with Firebug 2.0 (and also Firebug 1.12)\n    Firefox 31.0 with Firebug 2.0 (and also Firebug 1.12)\n    Firefox 32.0 with Firebug 2.0 (and also Firebug 1.12)\n    Firefox 33 - 46 with Firebug 2.0\n\n\nFirebug integrates with Firefox to put a wealth of development tools at your fingertips while you browse. You can edit, debug, and monitor CSS, HTML, and JavaScript live in any web page.\n\nVisit the Firebug website for documentation and screen shots: http://getfirebug.com\nAsk questions on Firebug newsgroup: https://groups.google.com/forum/#!forum/firebug\nReport an issue: https://github.com/firebug/firebug/issues\n\nPlease note that bug reports or feature requests in comments on this page won't be tracked. Use the issue tracker or Firebug newsgroup instead thanks!","isPlatformCompatible":true,"eula":null,"screenshots":[{"url":"https://addons.cdn.mozilla.net/user-media/previews/full/52/52710.png?src=api&modified=1530207952","width":"700","height":"330","thumbnailURL":"https://addons.cdn.mozilla.net/user-media/previews/thumbs/52/52710.png?src=api&modified=1530207952","thumbnailWidth":"320","thumbnailHeight":"151","caption":"Command line and its auto-completion."},{"url":"https://addons.cdn.mozilla.net/user-media/previews/full/52/52711.png?src=api&modified=1530207953","width":"700","height":"330","thumbnailURL":"https://addons.cdn.mozilla.net/user-media/previews/thumbs/52/52711.png?src=api&modified=1530207953","thumbnailWidth":"320","thumbnailHeight":"151","caption":"Console panel with an example error logs."},{"url":"https://addons.cdn.mozilla.net/user-media/previews/full/52/52712.png?src=api&modified=1530207954","width":"700","height":"330","thumbnailURL":"https://addons.cdn.mozilla.net/user-media/previews/thumbs/52/52712.png?src=api&modified=1530207954","thumbnailWidth":"320","thumbnailHeight":"151","caption":"CSS panel with inline editor."},{"url":"https://addons.cdn.mozilla.net/user-media/previews/full/52/52713.png?src=api&modified=1530207955","width":"700","height":"330","thumbnailURL":"https://addons.cdn.mozilla.net/user-media/previews/thumbs/52/52713.png?src=api&modified=1530207955","thumbnailWidth":"320","thumbnailHeight":"151","caption":"DOM panel displays structure of the current page."},{"url":"https://addons.cdn.mozilla.net/user-media/previews/full/52/52714.png?src=api&modified=1530207957","width":"700","height":"330","thumbnailURL":"https://addons.cdn.mozilla.net/user-media/previews/thumbs/52/52714.png?src=api&modified=1530207957","thumbnailWidth":"320","thumbnailHeight":"151","caption":"HTML panel shows markup of the current page."},{"url":"https://addons.cdn.mozilla.net/user-media/previews/full/52/52715.png?src=api&modified=1530207958","width":"700","height":"330","thumbnailURL":"https://addons.cdn.mozilla.net/user-media/previews/thumbs/52/52715.png?src=api&modified=1530207958","thumbnailWidth":"320","thumbnailHeight":"151","caption":"Layout panel reveals layout of selected elements."},{"url":"https://addons.cdn.mozilla.net/user-media/previews/full/52/52716.png?src=api&modified=1530207959","width":"700","height":"330","thumbnailURL":"https://addons.cdn.mozilla.net/user-media/previews/thumbs/52/52716.png?src=api&modified=1530207959","thumbnailWidth":"320","thumbnailHeight":"151","caption":"Net panel monitors HTTP communication."},{"url":"https://addons.cdn.mozilla.net/user-media/previews/full/52/52717.png?src=api&modified=1530207961","width":"700","height":"330","thumbnailURL":"https://addons.cdn.mozilla.net/user-media/previews/thumbs/52/52717.png?src=api&modified=1530207961","thumbnailWidth":"320","thumbnailHeight":"151","caption":"Script panel allows to explore and debug JavaScript on the current page."}],"averageRating":4,"learnmoreURL":"https://addons.mozilla.org/en-US/firefox/addon/firebug/?src=api","homepageURL":"http://getfirebug.com/","sourceURI":"https://addons.mozilla.org/firefox/downloads/file/593058/firebug-2.0.19-fx.xpi?src=api","size":2617076,"developerComments":"If you have any problems, please read the Firebug FAQ.\n\nhttps://getfirebug.com/faq","reviewURL":"https://addons.mozilla.org/en-US/firefox/addon/firebug/reviews/?src=api","reviewCount":2802,"totalDownloads":91638638,"weeklyDownloads":12890,"dailyUsers":676351,"updateDate":1488333306000,"supportURL":"http://getfirebug.com"},{"id":"FireXPath@pierre.tholence.com","icons":{"32":"https://addons.cdn.mozilla.net/user-media/addon_icons/11/11900-32.png?modified=1328115857","64":"https://addons.cdn.mozilla.net/user-media/addon_icons/11/11900-64.png?modified=1328115857"},"name":"FirePath","type":"extension","version":"0.9.7.1.1-signed.1-signed","repositoryStatus":4,"creator":{"name":"Pierre Tholence","url":"https://addons.mozilla.org/en-US/firefox/user/pierre-tholence/?src=api"},"description":"FirePath is a Firebug extension that adds a development tool to edit, inspect and generate XPath 1.0 expressions, CSS 3 selectors and JQuery selectors (Sizzle selector engine).","fullDescription":"With FirePath you can:\n* Edit XPath expressions, CSS3 selectors and JQuery selectors (Sizzle selector engine) with auto completion for XPath (using TAB or up and down arrows).\n* Evaluate the expression/selector on any HTML or XML documents.\n* Display the result of evaluations in a Firebug-like DOM tree.\n* Highlight the results directly on the document displayed by Firefox (works only with HTML documents).\n* Generate an XPath expression or a CSS selector for an element by right clicking on it and selecting \"Inspect in FirePath\" in the context menu.\n* Define the evaluation context (parent) of an expression/selector.\n* Choose the document in which to evaluate the expression/selector (only applicable for HTML documents with frames or iframes).\n\nFirePath 0.9.7 requires Firefox 3.5 to 6.0 and Firebug 1.4 to 1.8.*\nNote that the XPath auto completion does not work with Firebug 1.6 and higher\n\n\n\nAuthor:\nPierre Tholence\nFirePath has been developed during my master project at DB4ALL.\nDB4ALL.com is a Start-Up at the Database Laboratory at EPFL funded by Innogrant. We are experts on decision support systems and web robots for database collection, integration and cleaning.\n\nOur objective is to promote the use of datasets to users and companies for making more informed decisions. By datasets we refer to the content (list of books, movies, restaurants, jobs, biochemical products, zip codes...).","isPlatformCompatible":true,"eula":null,"screenshots":[{"url":"https://addons.cdn.mozilla.net/user-media/previews/full/32/32322.png?src=api&modified=1530208489","width":"490","height":"267","thumbnailURL":"https://addons.cdn.mozilla.net/user-media/previews/thumbs/32/32322.png?src=api&modified=1530208489","thumbnailWidth":"320","thumbnailHeight":"174"},{"url":"https://addons.cdn.mozilla.net/user-media/previews/full/32/32281.png?src=api&modified=1530208489","width":"700","height":"215","thumbnailURL":"https://addons.cdn.mozilla.net/user-media/previews/thumbs/32/32281.png?src=api&modified=1530208489","thumbnailWidth":"320","thumbnailHeight":"98"},{"url":"https://addons.cdn.mozilla.net/user-media/previews/full/32/32283.png?src=api&modified=1530208490","width":"700","height":"265","thumbnailURL":"https://addons.cdn.mozilla.net/user-media/previews/thumbs/32/32283.png?src=api&modified=1530208490","thumbnailWidth":"320","thumbnailHeight":"121"}],"averageRating":4,"learnmoreURL":"https://addons.mozilla.org/en-US/firefox/addon/firepath/?src=api","homepageURL":"http://code.google.com/p/firepath/","sourceURI":"https://addons.mozilla.org/firefox/downloads/file/287368/firepath-0.9.7.1-fx.xpi?src=api","size":56510,"developerComments":"If you have any problems or suggestions please use the discussion group:\nhttp://groups.google.com/group/firepath\n\nYou can also email me at:\npierre.tholence@gmail.com\n\nIf you think you found a bug, you can report an issue here:\nhttp://code.google.com/p/firepath/issues/list","reviewURL":"https://addons.mozilla.org/en-US/firefox/addon/firepath/reviews/?src=api","reviewCount":53,"totalDownloads":2877355,"weeklyDownloads":6508,"dailyUsers":45373,"updateDate":1417900347000,"supportURL":"http://groups.google.com/group/firepath"}]}