{"schemaVersion":22,"addons":[{"id":"{7eb3f691-25b4-4a85-9038-9e57e2bcd537}","syncGUID":"N8kAD8fbLBz1","location":"app-profile","version":"0.4.4.1-signed.1-signed","type":"extension","updateURL":null,"optionsURL":null,"optionsType":null,"aboutURL":null,"defaultLocale":{"name":"XPath Checker","description":"Try out XPath expressions on the current web page.","creator":"Brian Slesinsky","homepageURL":null},"visible":true,"active":true,"userDisabled":false,"appDisabled":false,"installDate":1470414997544,"updateDate":1470414997544,"applyBackgroundUpdates":1,"bootstrap":false,"path":"C:\\Users\\v3automation\\AppData\\Roaming\\Mozilla\\Firefox\\Profiles\\auqkmkii.default\\extensions\\{7eb3f691-25b4-4a85-9038-9e57e2bcd537}.xpi","skinnable":false,"size":11344,"sourceURI":"https://addons.mozilla.org/firefox/downloads/latest/xpath-checker/addon-1095-latest.xpi?src=dp-btn-primary","releaseNotesURI":null,"softDisabled":false,"foreignInstall":false,"strictCompatibility":false,"locales":[],"targetApplications":[{"id":"{ec8030f7-c20a-464f-9b0e-13a3a9e97384}","minVersion":"3.0","maxVersion":"26.*"}],"targetPlatforms":[],"signedState":2,"seen":true,"dependencies":[],"hasEmbeddedWebExtension":false,"iconURL":null,"icon64URL":null,"blocklistState":0,"blocklistURL":null},{"id":"FireXPath@pierre.tholence.com","syncGUID":"{5f614ea5-c367-42bc-9f61-34c7dac68c9e}","location":"app-profile","version":"0.9.7.1.1-signed.1-signed","type":"extension","updateURL":null,"optionsURL":null,"optionsType":null,"aboutURL":null,"defaultLocale":{"name":"FirePath","description":"FirePath is a Firebug extension that adds a development tool to edit, inspect and generate XPath 1.0 expressions, CSS 3 selectors and JQuery selectors.","creator":"Pierre Tholence","homepageURL":null,"contributors":["David Rees"]},"visible":true,"active":true,"userDisabled":false,"appDisabled":false,"installDate":1487326547448,"updateDate":1487326547448,"applyBackgroundUpdates":1,"bootstrap":false,"path":"C:\\Users\\v3automation\\AppData\\Roaming\\Mozilla\\Firefox\\Profiles\\auqkmkii.default\\extensions\\FireXPath@pierre.tholence.com.xpi","skinnable":false,"size":168435,"sourceURI":"https://addons.mozilla.org/firefox/downloads/latest/firepath/addon-11900-latest.xpi?src=dp-btn-primary","releaseNotesURI":null,"softDisabled":false,"foreignInstall":false,"strictCompatibility":false,"locales":[],"targetApplications":[{"id":"{ec8030f7-c20a-464f-9b0e-13a3a9e97384}","minVersion":"4.0","maxVersion":"56.*"}],"targetPlatforms":[],"multiprocessCompatible":true,"signedState":2,"seen":true,"dependencies":[],"hasEmbeddedWebExtension":false,"iconURL":"chrome://firepath/content/FirePath.png","icon64URL":null,"blocklistState":0,"blocklistURL":null},{"id":"firebug@software.joehewitt.com","syncGUID":"NDn2ei8A4Wwy","location":"app-profile","version":"2.0.19","type":"extension","internalName":null,"updateURL":null,"updateKey":null,"optionsURL":null,"optionsType":null,"aboutURL":null,"defaultLocale":{"name":"Firebug","description":"Web Development Evolved. Firebug is free and open source software distributed under the BSD License.","creator":"Joe Hewitt","homepageURL":"http://www.getfirebug.com/","translators":["Leszek(teo)Zyczkowski (pl-PL)","markh (nl)","peter3 (sv-SE)","AlleyKat (da-DK)","Hector Zhao, lovelywcm (zh-CN)","Lukas Kucharczyk, Michal Kec (cs-CZ)","Team erweiterungen.de, ReinekeFux, Benedikt Langens, Sebastian Zartner (de-DE)","l0stintranslation, gonzalopirobutirro, Luigi Grilli (it-IT)","alexxed (ro-RO)","Nicolas Martin, Franck Marcia (fr-FR)","gLes (hu-HU)","Xavi Ivars - Softcatala (ca)","gezmen (tr-TR)","eternoendless (es-AR)","Dark Preacher (ru)","Tiago Oliveira, Diego de Carvalho Zimmermann, Alexandre Rapaki (pt-BR)","Juan Botias, Alvaro G. Vicario (es-ES)","Andriy Zhouck (uk-UA)","Hisateru Tanaka, k2jp (ja-JP)","Mohsen Shadroo (fa-IR)","Eduard Babayan (hy-AM)","Helder Magalhaes (pt-PT)","Tomaz Macus (sl-SI)","Stoyan Stefanov, Alexander Shopov (bg)","Kristjan Bjarni Guomundsson (is-IS)","NGUYEN Manh Hung (vi-VN)","Bwah (hr-HR)","Sonickydon (el)","David Gonzales (es)","DakSrbija (sr)","bootleq (zh-TW)","Asier Iturralde Sarasola, Julen Irazoki Oteiza (eu)"],"contributors":["John J. Barton (IBM Almaden)","Jan Odvarko (Mozilla Corp.)","Max Stepanov (Aptana Inc.)","Rob Campbell (Mozilla Corp.)","Hans Hillen (Paciello Group, Mozilla)","Curtis Bartley (Mozilla Corp.)","Mike Collins (IBM Almaden)","Kevin Decker","Mike Ratcliffe (Mozilla Corp.)","Hernan Rodriguez Colmeiro","Austin Andrews","Christoph Dorn","Steven Roussey (Illuminations for Developers)","Sebastian Zartner","Harutyun Amirjanyan","Simon Lindholm","Stampolidis Anastasios","Joe Walker (Mozilla Corp.)","Vladimir Zhuravlev","Farshid Beheshti","Leon Sorokin","Florent Fayolle","Hector Zhao","Bharath Thiruveedula","Nathan Mische","Belakhdar Abdeldjalil","Jakob Kaltenbrunner"]},"visible":true,"active":true,"userDisabled":false,"appDisabled":false,"installDate":1537379527505,"updateDate":1537379527505,"applyBackgroundUpdates":1,"bootstrap":true,"path":"C:\\Users\\v3automation\\AppData\\Roaming\\Mozilla\\Firefox\\Profiles\\auqkmkii.default\\extensions\\firebug@software.joehewitt.com.xpi","skinnable":false,"size":9681994,"sourceURI":"https://addons.mozilla.org/firefox/downloads/file/593058/firebug-2.0.19-fx.xpi?src=api","releaseNotesURI":null,"softDisabled":false,"foreignInstall":false,"hasBinaryComponents":false,"strictCompatibility":false,"locales":[],"targetApplications":[{"id":"toolkit@mozilla.org","minVersion":"30.0a1","maxVersion":"56.*"},{"id":"{ec8030f7-c20a-464f-9b0e-13a3a9e97384}","minVersion":"30.0a1","maxVersion":"54.0"}],"targetPlatforms":[],"multiprocessCompatible":true,"signedState":2,"seen":true,"dependencies":[],"hasEmbeddedWebExtension":false,"iconURL":"chrome://firebug/skin/firebugBig.png","icon64URL":null,"blocklistState":0,"blocklistURL":null},{"id":"@all-aboard-v1-2","syncGUID":"uZcVgslyk5MG","location":"app-profile","version":"1.2.9-rc5","type":"extension","internalName":null,"updateURL":null,"updateKey":null,"optionsURL":null,"optionsType":null,"aboutURL":null,"defaultLocale":{"name":"All Aboard","description":"The Mozilla Firefox Educational Tool","creator":"Mozilla Corporation","homepageURL":"https://github.com/mozilla/all-aboard"},"visible":true,"active":true,"userDisabled":false,"appDisabled":false,"installDate":1538733649194,"updateDate":1538733648676,"applyBackgroundUpdates":1,"bootstrap":true,"path":"C:\\Users\\v3automation\\AppData\\Roaming\\Mozilla\\Firefox\\Profiles\\auqkmkii.default\\extensions\\@all-aboard-v1-2","skinnable":false,"size":3480824,"sourceURI":null,"releaseNotesURI":null,"softDisabled":false,"foreignInstall":false,"hasBinaryComponents":false,"strictCompatibility":false,"locales":[],"targetApplications":[{"id":"{ec8030f7-c20a-464f-9b0e-13a3a9e97384}","minVersion":"47.0","maxVersion":"*"}],"targetPlatforms":[],"multiprocessCompatible":false,"signedState":2,"seen":true,"dependencies":[],"hasEmbeddedWebExtension":false,"mpcOptedOut":false,"userPermissions":null,"icons":{},"iconURL":null,"icon64URL":null,"blocklistState":0,"blocklistURL":null},{"id":"e10srollout@mozilla.org","syncGUID":"S-ODBPxIHkOJ","location":"app-system-defaults","version":"3.00","type":"extension","internalName":null,"updateURL":null,"updateKey":null,"optionsURL":null,"optionsType":null,"aboutURL":null,"defaultLocale":{"name":"Multi-process staged rollout","description":"Staged rollout of Firefox multi-process feature.","creator":null,"homepageURL":null},"visible":true,"active":true,"userDisabled":false,"appDisabled":false,"installDate":1474578384000,"updateDate":1506459074324,"applyBackgroundUpdates":1,"bootstrap":true,"path":"C:\\Program Files (x86)\\Mozilla Firefox\\browser\\features\\e10srollout@mozilla.org.xpi","skinnable":false,"size":13710,"sourceURI":null,"releaseNotesURI":null,"softDisabled":false,"foreignInstall":false,"hasBinaryComponents":false,"strictCompatibility":false,"locales":[],"targetApplications":[{"id":"{ec8030f7-c20a-464f-9b0e-13a3a9e97384}","minVersion":"56.0","maxVersion":"56.*"}],"targetPlatforms":[],"multiprocessCompatible":true,"seen":true,"dependencies":[],"hasEmbeddedWebExtension":false,"mpcOptedOut":false,"userPermissions":null,"icons":{},"iconURL":null,"icon64URL":null,"blocklistState":0,"blocklistURL":null},{"id":"firefox@getpocket.com","syncGUID":"YhdCPuAv01iF","location":"app-system-defaults","version":"1.0.5","type":"extension","internalName":null,"updateURL":null,"updateKey":null,"optionsURL":null,"optionsType":null,"aboutURL":null,"defaultLocale":{"name":"Pocket","description":"When you find something you want to view later, put it in Pocket.","creator":null,"homepageURL":null},"visible":true,"active":true,"userDisabled":false,"appDisabled":false,"installDate":1474578384000,"updateDate":1506459074331,"applyBackgroundUpdates":1,"bootstrap":true,"path":"C:\\Program Files (x86)\\Mozilla Firefox\\browser\\features\\firefox@getpocket.com.xpi","skinnable":false,"size":1002023,"sourceURI":null,"releaseNotesURI":null,"softDisabled":false,"foreignInstall":false,"hasBinaryComponents":false,"strictCompatibility":false,"locales":[],"targetApplications":[{"id":"{ec8030f7-c20a-464f-9b0e-13a3a9e97384}","minVersion":"56.0","maxVersion":"56.*"}],"targetPlatforms":[],"multiprocessCompatible":true,"seen":true,"dependencies":[],"hasEmbeddedWebExtension":false,"mpcOptedOut":false,"userPermissions":null,"icons":{},"iconURL":null,"icon64URL":null,"blocklistState":0,"blocklistURL":null},{"id":"webcompat@mozilla.org","syncGUID":"DH8bDSKeetzm","location":"app-system-defaults","version":"1.1","type":"extension","internalName":null,"updateURL":null,"updateKey":null,"optionsURL":null,"optionsType":null,"aboutURL":null,"defaultLocale":{"name":"Web Compat","description":"Urgent post-release fixes for web compatibility.","creator":null,"homepageURL":null},"visible":true,"active":true,"userDisabled":false,"appDisabled":false,"installDate":1474578384000,"updateDate":1506459074348,"applyBackgroundUpdates":1,"bootstrap":true,"path":"C:\\Program Files (x86)\\Mozilla Firefox\\browser\\features\\webcompat@mozilla.org.xpi","skinnable":false,"size":8990,"sourceURI":null,"releaseNotesURI":null,"softDisabled":false,"foreignInstall":false,"hasBinaryComponents":false,"strictCompatibility":false,"locales":[],"targetApplications":[{"id":"{ec8030f7-c20a-464f-9b0e-13a3a9e97384}","minVersion":"56.0","maxVersion":"56.*"}],"targetPlatforms":[],"multiprocessCompatible":true,"seen":true,"dependencies":[],"hasEmbeddedWebExtension":false,"mpcOptedOut":false,"userPermissions":null,"icons":{},"iconURL":null,"icon64URL":null,"blocklistState":0,"blocklistURL":null},{"id":"aushelper@mozilla.org","syncGUID":"{28cdee36-19e4-4400-a49d-200ceac196a9}","location":"app-system-defaults","version":"2.0","type":"extension","internalName":null,"updateURL":null,"updateKey":null,"optionsURL":null,"optionsType":null,"aboutURL":null,"defaultLocale":{"name":"Application Update Service Helper","description":"Sets value(s) in the update url based on custom checks.","creator":null,"homepageURL":null},"visible":true,"active":true,"userDisabled":false,"appDisabled":false,"installDate":1532566888037,"updateDate":1506459074321,"applyBackgroundUpdates":1,"bootstrap":true,"path":"C:\\Program Files (x86)\\Mozilla Firefox\\browser\\features\\aushelper@mozilla.org.xpi","skinnable":false,"size":8486,"sourceURI":null,"releaseNotesURI":null,"softDisabled":false,"foreignInstall":false,"hasBinaryComponents":false,"strictCompatibility":false,"locales":[],"targetApplications":[{"id":"{ec8030f7-c20a-464f-9b0e-13a3a9e97384}","minVersion":"56.0","maxVersion":"56.*"}],"targetPlatforms":[],"multiprocessCompatible":true,"seen":true,"dependencies":[],"hasEmbeddedWebExtension":false,"mpcOptedOut":false,"userPermissions":null,"icons":{},"iconURL":null,"icon64URL":null,"blocklistState":0,"blocklistURL":null},{"id":"screenshots@mozilla.org","syncGUID":"{93de774e-5c4c-4153-9c2b-4c91e5544345}","location":"app-system-defaults","version":"10.12.0","type":"extension","internalName":null,"updateURL":null,"updateKey":null,"optionsURL":null,"optionsType":null,"aboutURL":null,"defaultLocale":{"name":"Firefox Screenshots","description":null,"creator":null,"homepageURL":"https://pageshot.net/"},"visible":true,"active":true,"userDisabled":false,"appDisabled":false,"installDate":1532566887884,"updateDate":1506459074345,"applyBackgroundUpdates":1,"bootstrap":true,"path":"C:\\Program Files (x86)\\Mozilla Firefox\\browser\\features\\screenshots@mozilla.org.xpi","skinnable":false,"size":714554,"sourceURI":null,"releaseNotesURI":null,"softDisabled":false,"foreignInstall":false,"hasBinaryComponents":false,"strictCompatibility":false,"locales":[],"targetApplications":[{"id":"{ec8030f7-c20a-464f-9b0e-13a3a9e97384}","minVersion":"51.0a1","maxVersion":"*"}],"targetPlatforms":[],"multiprocessCompatible":true,"seen":true,"dependencies":[],"hasEmbeddedWebExtension":false,"mpcOptedOut":false,"userPermissions":null,"icons":{},"iconURL":null,"icon64URL":null,"blocklistState":0,"blocklistURL":null},{"id":"followonsearch@mozilla.com","syncGUID":"{54aed063-0aca-47a8-8831-f2a274804c97}","location":"app-system-defaults","version":"0.9.3","type":"extension","internalName":null,"updateURL":null,"updateKey":null,"optionsURL":null,"optionsType":null,"aboutURL":null,"defaultLocale":{"name":"Follow-on Search Telemetry","description":null,"creator":null,"homepageURL":null},"visible":true,"active":true,"userDisabled":false,"appDisabled":false,"installDate":1532566887928,"updateDate":1506459074331,"applyBackgroundUpdates":1,"bootstrap":true,"path":"C:\\Program Files (x86)\\Mozilla Firefox\\browser\\features\\followonsearch@mozilla.com.xpi","skinnable":false,"size":16802,"sourceURI":null,"releaseNotesURI":null,"softDisabled":false,"foreignInstall":false,"hasBinaryComponents":false,"strictCompatibility":false,"locales":[],"targetApplications":[{"id":"{ec8030f7-c20a-464f-9b0e-13a3a9e97384}","minVersion":"52.0","maxVersion":"59.*"}],"targetPlatforms":[],"multiprocessCompatible":true,"seen":true,"dependencies":[],"hasEmbeddedWebExtension":false,"mpcOptedOut":false,"userPermissions":null,"icons":{},"iconURL":null,"icon64URL":null,"blocklistState":0,"blocklistURL":null},{"id":"activity-stream@mozilla.org","syncGUID":"{7b129ff5-ad83-4453-95f4-9737f73c9253}","location":"app-system-defaults","version":"0.0.0","type":"extension","internalName":null,"updateURL":null,"updateKey":null,"optionsURL":null,"optionsType":null,"aboutURL":null,"defaultLocale":{"name":"Activity Stream","description":"A rich visual history feed and a reimagined home page make it easier than ever to find exactly what you're looking for in Firefox.","creator":null,"homepageURL":null},"visible":true,"active":true,"userDisabled":false,"appDisabled":false,"installDate":1532566888162,"updateDate":1506459074320,"applyBackgroundUpdates":1,"bootstrap":true,"path":"C:\\Program Files (x86)\\Mozilla Firefox\\browser\\features\\activity-stream@mozilla.org.xpi","skinnable":false,"size":1280296,"sourceURI":null,"releaseNotesURI":null,"softDisabled":false,"foreignInstall":false,"hasBinaryComponents":false,"strictCompatibility":false,"locales":[],"targetApplications":[{"id":"{ec8030f7-c20a-464f-9b0e-13a3a9e97384}","minVersion":"56.0","maxVersion":"56.*"}],"targetPlatforms":[],"multiprocessCompatible":true,"seen":true,"dependencies":[],"hasEmbeddedWebExtension":false,"mpcOptedOut":false,"userPermissions":null,"icons":{},"iconURL":null,"icon64URL":null,"blocklistState":0,"blocklistURL":null},{"id":"formautofill@mozilla.org","syncGUID":"{3f7ff219-a428-4699-b800-5c2a663a99f8}","location":"app-system-defaults","version":"1.0","type":"extension","internalName":null,"updateURL":null,"updateKey":null,"optionsURL":null,"optionsType":null,"aboutURL":null,"defaultLocale":{"name":"Form Autofill","description":"Autofill forms with saved profiles","creator":null,"homepageURL":null},"visible":true,"active":true,"userDisabled":false,"appDisabled":false,"installDate":1532566887928,"updateDate":1506459074334,"applyBackgroundUpdates":1,"bootstrap":true,"path":"C:\\Program Files (x86)\\Mozilla Firefox\\browser\\features\\formautofill@mozilla.org.xpi","skinnable":false,"size":335585,"sourceURI":null,"releaseNotesURI":null,"softDisabled":false,"foreignInstall":false,"hasBinaryComponents":false,"strictCompatibility":false,"locales":[],"targetApplications":[{"id":"{ec8030f7-c20a-464f-9b0e-13a3a9e97384}","minVersion":"56.0","maxVersion":"56.*"}],"targetPlatforms":[],"multiprocessCompatible":true,"seen":true,"dependencies":[],"hasEmbeddedWebExtension":false,"mpcOptedOut":false,"userPermissions":null,"icons":{},"iconURL":null,"icon64URL":null,"blocklistState":0,"blocklistURL":null},{"id":"onboarding@mozilla.org","syncGUID":"{3689a33a-e2ac-4f77-9648-a7a6a187a8d6}","location":"app-system-defaults","version":"0.1","type":"extension","internalName":null,"updateURL":null,"updateKey":null,"optionsURL":null,"optionsType":null,"aboutURL":null,"defaultLocale":{"name":"Photon onboarding","description":"Photon onboarding","creator":null,"homepageURL":null},"visible":true,"active":true,"userDisabled":false,"appDisabled":false,"installDate":1532566887920,"updateDate":1506459074340,"applyBackgroundUpdates":1,"bootstrap":true,"path":"C:\\Program Files (x86)\\Mozilla Firefox\\browser\\features\\onboarding@mozilla.org.xpi","skinnable":false,"size":426439,"sourceURI":null,"releaseNotesURI":null,"softDisabled":false,"foreignInstall":false,"hasBinaryComponents":false,"strictCompatibility":false,"locales":[],"targetApplications":[{"id":"{ec8030f7-c20a-464f-9b0e-13a3a9e97384}","minVersion":"56.0","maxVersion":"56.*"}],"targetPlatforms":[],"multiprocessCompatible":true,"seen":true,"dependencies":[],"hasEmbeddedWebExtension":false,"mpcOptedOut":false,"userPermissions":null,"icons":{},"iconURL":null,"icon64URL":null,"blocklistState":0,"blocklistURL":null},{"id":"clicktoplay-rollout@mozilla.org","syncGUID":"{81957c20-64e9-4150-bf8e-fe4f2c6f9490}","location":"app-system-defaults","version":"1.4","type":"extension","internalName":null,"updateURL":null,"updateKey":null,"optionsURL":null,"optionsType":null,"aboutURL":null,"defaultLocale":{"name":"Click-to-Play staged rollout","description":"Staged rollout for Click-to-Play Flash.","creator":null,"homepageURL":null},"visible":true,"active":true,"userDisabled":false,"appDisabled":false,"installDate":1532566888037,"updateDate":1506459074321,"applyBackgroundUpdates":1,"bootstrap":true,"path":"C:\\Program Files (x86)\\Mozilla Firefox\\browser\\features\\clicktoplay-rollout@mozilla.org.xpi","skinnable":false,"size":5779,"sourceURI":null,"releaseNotesURI":null,"softDisabled":false,"foreignInstall":false,"hasBinaryComponents":false,"strictCompatibility":false,"locales":[],"targetApplications":[{"id":"{ec8030f7-c20a-464f-9b0e-13a3a9e97384}","minVersion":"56.0","maxVersion":"56.*"}],"targetPlatforms":[],"multiprocessCompatible":true,"seen":true,"dependencies":[],"hasEmbeddedWebExtension":false,"mpcOptedOut":false,"userPermissions":null,"icons":{},"iconURL":null,"icon64URL":null,"blocklistState":0,"blocklistURL":null},{"id":"shield-recipe-client@mozilla.org","syncGUID":"{ba6ff7d6-946c-4a88-926a-b2a6fac383b2}","location":"app-system-defaults","version":"65","type":"extension","internalName":null,"updateURL":null,"updateKey":null,"optionsURL":null,"optionsType":null,"aboutURL":null,"defaultLocale":{"name":"Shield Recipe Client","description":"Client to download and run recipes for SHIELD, Heartbeat, etc.","creator":null,"homepageURL":null},"visible":true,"active":true,"userDisabled":false,"appDisabled":false,"installDate":1532566887837,"updateDate":1506459074348,"applyBackgroundUpdates":1,"bootstrap":true,"path":"C:\\Program Files (x86)\\Mozilla Firefox\\browser\\features\\shield-recipe-client@mozilla.org.xpi","skinnable":false,"size":362688,"sourceURI":null,"releaseNotesURI":null,"softDisabled":false,"foreignInstall":false,"hasBinaryComponents":false,"strictCompatibility":false,"locales":[],"targetApplications":[{"id":"{ec8030f7-c20a-464f-9b0e-13a3a9e97384}","minVersion":"56.0","maxVersion":"56.*"}],"targetPlatforms":[],"multiprocessCompatible":true,"seen":true,"dependencies":[],"hasEmbeddedWebExtension":false,"mpcOptedOut":false,"userPermissions":null,"icons":{},"iconURL":null,"icon64URL":null,"blocklistState":0,"blocklistURL":null},{"id":"{972ce4c6-7e08-4474-a285-3208198ce6fd}","syncGUID":"r9E2M7gjZgKc","location":"app-global","version":"56.0","type":"theme","internalName":"classic/1.0","updateURL":null,"updateKey":null,"optionsURL":null,"optionsType":null,"optionsBrowserStyle":null,"aboutURL":null,"defaultLocale":{"name":"Default","description":"The default theme.","creator":"Mozilla","homepageURL":null,"contributors":["Mozilla Contributors"]},"visible":true,"active":true,"userDisabled":false,"appDisabled":false,"installDate":1537379321240,"updateDate":1506459074309,"applyBackgroundUpdates":1,"path":"C:\\Program Files (x86)\\Mozilla Firefox\\browser\\extensions\\{972ce4c6-7e08-4474-a285-3208198ce6fd}.xpi","skinnable":true,"size":7141,"sourceURI":null,"releaseNotesURI":null,"softDisabled":false,"foreignInstall":false,"hasBinaryComponents":false,"strictCompatibility":true,"locales":[],"targetApplications":[{"id":"{ec8030f7-c20a-464f-9b0e-13a3a9e97384}","minVersion":"56.0","maxVersion":"56.0"}],"targetPlatforms":[],"seen":true,"dependencies":[],"hasEmbeddedWebExtension":false,"userPermissions":null,"icons":{},"iconURL":"chrome://browser/content/default-theme-icon.svg","icon64URL":null,"blocklistState":0,"blocklistURL":null}]}