{"nextId":122,"logins":[{"id":1,"hostname":"https://v3.vitechinc.com","httpRealm":null,"formSubmitURL":"https://v3.vitechinc.com","usernameField":"os_username","passwordField":"os_password","encryptedUsername":"MDoEEPgAAAAAAAAAAAAAAAAAAAEwFAYIKoZIhvcNAwcECHZQrYv6Qe5vBBCK0UshHYWZRNg071RivtYC","encryptedPassword":"MDIEEPgAAAAAAAAAAAAAAAAAAAEwFAYIKoZIhvcNAwcECEoblg0uca0GBAiD1gbhaMEy8A==","guid":"{a9d8c51a-97ed-487c-87c4-aebce462ffcf}","encType":1,"timeCreated":1369286833116,"timeLastUsed":1369984886449,"timePasswordChanged":1369286833116,"timesUsed":6},{"id":2,"hostname":"https://v3.vitechinc.com","httpRealm":null,"formSubmitURL":"https://v3.vitechinc.com","usernameField":"os_username","passwordField":"os_password","encryptedUsername":"MDoEEPgAAAAAAAAAAAAAAAAAAAEwFAYIKoZIhvcNAwcECJZaFlRM7ohlBBCeIR5FSceRbFzHCAuexM6p","encryptedPassword":"MDoEEPgAAAAAAAAAAAAAAAAAAAEwFAYIKoZIhvcNAwcECJaobartMwX8BBB+KAgAVyfUrDSKQ5jeFO77","guid":"{1cbfa96b-1d4a-4eb8-868e-173720b4f852}","encType":1,"timeCreated":1369894576400,"timeLastUsed":1470024940238,"timePasswordChanged":1470024940238,"timesUsed":211},{"id":3,"hostname":"https://workflow.atlassian.net","httpRealm":null,"formSubmitURL":"https://workflow.atlassian.net","usernameField":"username","passwordField":"password","encryptedUsername":"MDoEEPgAAAAAAAAAAAAAAAAAAAEwFAYIKoZIhvcNAwcECHTi38cznEl8BBAm4BuNF1Lgp9S+pg6hCxKN","encryptedPassword":"MDoEEPgAAAAAAAAAAAAAAAAAAAEwFAYIKoZIhvcNAwcECHi2q/ZXFepqBBABHm6MVafmnhmW6ZKRLy9q","guid":"{6cc66e43-5571-41fd-af31-dac4bc72fa9b}","encType":1,"timeCreated":1369894686097,"timeLastUsed":1403171644402,"timePasswordChanged":1369894686097,"timesUsed":258},{"id":4,"hostname":"https://v3.vitechinc.com","httpRealm":null,"formSubmitURL":"https://v3.vitechinc.com","usernameField":"os_username","passwordField":"os_password","encryptedUsername":"MDoEEPgAAAAAAAAAAAAAAAAAAAEwFAYIKoZIhvcNAwcECMO/RFKZyHxVBBDF+6HR0SXLphX2Nwz3KVyz","encryptedPassword":"MDoEEPgAAAAAAAAAAAAAAAAAAAEwFAYIKoZIhvcNAwcECMf9Vvj8GWJdBBAqu+xO5ZGMoLugb2SjHjI8","guid":"{e6507951-1a1d-438c-bc4b-41588df2ccab}","encType":1,"timeCreated":1382070496239,"timeLastUsed":1395756884866,"timePasswordChanged":1382070496239,"timesUsed":2},{"id":5,"hostname":"https://saucelabs.com","httpRealm":null,"formSubmitURL":"https://saucelabs.com","usernameField":"username","passwordField":"password","encryptedUsername":"MDIEEPgAAAAAAAAAAAAAAAAAAAEwFAYIKoZIhvcNAwcECA2CWDc9JoXwBAi4Z0lxzSFqrw==","encryptedPassword":"MDoEEPgAAAAAAAAAAAAAAAAAAAEwFAYIKoZIhvcNAwcECPk97lEe9lVfBBBEK5OyEVrgeXWKuiQYx7jf","guid":"{dbf4dab5-180f-4dc2-a0d8-585b10b62224}","encType":1,"timeCreated":1400848197244,"timeLastUsed":1413813144613,"timePasswordChanged":1400848197244,"timesUsed":2},{"id":6,"hostname":"https://v3.vitechinc.com","httpRealm":null,"formSubmitURL":"https://v3.vitechinc.com","usernameField":"os_username","passwordField":"os_password","encryptedUsername":"MDoEEPgAAAAAAAAAAAAAAAAAAAEwFAYIKoZIhvcNAwcECJmH6WmUvDdWBBB5XoKR3k64sqkqJfmDHSWw","encryptedPassword":"MDoEEPgAAAAAAAAAAAAAAAAAAAEwFAYIKoZIhvcNAwcECDTXY7GJHe/FBBAntHpJj7FXaQIgqZV6egP/","guid":"{14f0bccf-4761-468f-ae01-7dc1a4f25225}","encType":1,"timeCreated":1403761648624,"timeLastUsed":1440250045291,"timePasswordChanged":1403761648624,"timesUsed":10},{"id":7,"hostname":"https://v3.vitechinc.com","httpRealm":null,"formSubmitURL":"https://v3.vitechinc.com","usernameField":"os_username","passwordField":"os_password","encryptedUsername":"MDoEEPgAAAAAAAAAAAAAAAAAAAEwFAYIKoZIhvcNAwcECJxYLHzujefJBBDPMoozvl3Rr7MfBYqbtZ/R","encryptedPassword":"MDIEEPgAAAAAAAAAAAAAAAAAAAEwFAYIKoZIhvcNAwcECLBwAEypx1yVBAjpA2hOvvc5IQ==","guid":"{1cb20442-8db6-460d-9b66-d2dd2807f318}","encType":1,"timeCreated":1403802131275,"timeLastUsed":1403802131275,"timePasswordChanged":1403802131275,"timesUsed":1},{"id":8,"hostname":"https://realtimeboard.com","httpRealm":null,"formSubmitURL":"https://realtimeboard.com","usernameField":"login[email]","passwordField":"login[password]","encryptedUsername":"MEIEEPgAAAAAAAAAAAAAAAAAAAEwFAYIKoZIhvcNAwcECL9dZuw74i9DBBhyuNG83XgdZEuvwqqshVQNrNiN0B9BUs8=","encryptedPassword":"MDIEEPgAAAAAAAAAAAAAAAAAAAEwFAYIKoZIhvcNAwcECJtVjAjKMNP7BAi7KVtt+B4EfA==","guid":"{7ca42397-8739-4769-a5e1-84c75344910a}","encType":1,"timeCreated":1404218688899,"timeLastUsed":1404218688899,"timePasswordChanged":1404218688899,"timesUsed":1},{"id":9,"hostname":"https://v3.vitechinc.com","httpRealm":"V3","formSubmitURL":null,"usernameField":"","passwordField":"","encryptedUsername":"MDoEEPgAAAAAAAAAAAAAAAAAAAEwFAYIKoZIhvcNAwcECPfDNwXz3Ys3BBBfeTxzn0LYAB+ZzWFyc6e4","encryptedPassword":"MDoEEPgAAAAAAAAAAAAAAAAAAAEwFAYIKoZIhvcNAwcECA67TOSVAUiUBBAvnRQOxwDdnIJ/aoKdqVBV","guid":"{0a2cfa6e-3e3e-4d7c-a59f-bed7adf2938f}","encType":1,"timeCreated":1409132134053,"timeLastUsed":1416910467021,"timePasswordChanged":1416910467021,"timesUsed":3},{"id":10,"hostname":"http://172.26.44.27:7001","httpRealm":null,"formSubmitURL":"http://172.26.44.27:7001","usernameField":"j_username","passwordField":"j_password","encryptedUsername":"MDoEEPgAAAAAAAAAAAAAAAAAAAEwFAYIKoZIhvcNAwcECGwVBQEpWusBBBAnuWheqCPRUkKFBrOmb+jl","encryptedPassword":"MDoEEPgAAAAAAAAAAAAAAAAAAAEwFAYIKoZIhvcNAwcECFOw5W400WrMBBBxC0qDlhB+mdxYPGIuuUpo","guid":"{41f65160-99c5-4561-b3d5-182b5b8d4e69}","encType":1,"timeCreated":1425969162503,"timeLastUsed":1425969162503,"timePasswordChanged":1425969162503,"timesUsed":1},{"id":11,"hostname":"https://v3.vitechinc.com","httpRealm":null,"formSubmitURL":"https://v3.vitechinc.com","usernameField":"userName","passwordField":"password","encryptedUsername":"MDIEEPgAAAAAAAAAAAAAAAAAAAEwFAYIKoZIhvcNAwcECHMVt3yWn4aIBAhoAJFV/LT2Qw==","encryptedPassword":"MDIEEPgAAAAAAAAAAAAAAAAAAAEwFAYIKoZIhvcNAwcECLxj7GBa0cBGBAgvbWJXjOYM6w==","guid":"{d2abe10c-5a9e-4cd2-8732-f52cee95f7d2}","encType":1,"timeCreated":1440729640415,"timeLastUsed":1448884551070,"timePasswordChanged":1440729640415,"timesUsed":3},{"id":12,"hostname":"https://v3.vitechinc.com","httpRealm":null,"formSubmitURL":"https://v3.vitechinc.com","usernameField":"userName","passwordField":"password","encryptedUsername":"MDIEEPgAAAAAAAAAAAAAAAAAAAEwFAYIKoZIhvcNAwcECII1tmiaEUtbBAh9Q4AoZzw0Jg==","encryptedPassword":"MDIEEPgAAAAAAAAAAAAAAAAAAAEwFAYIKoZIhvcNAwcECECf9H52mlg2BAhsVx63FK2hsw==","guid":"{e8519dae-76d2-4e70-9793-361a013a3b0f}","encType":1,"timeCreated":1447318435396,"timeLastUsed":1447323501306,"timePasswordChanged":1447318435396,"timesUsed":3},{"id":13,"hostname":"https://v3.vitechinc.com","httpRealm":null,"formSubmitURL":"https://v3.vitechinc.com","usernameField":"userName","passwordField":"password","encryptedUsername":"MDIEEPgAAAAAAAAAAAAAAAAAAAEwFAYIKoZIhvcNAwcECBa5+9lK5kZGBAgklvsFLip1mQ==","encryptedPassword":"MDIEEPgAAAAAAAAAAAAAAAAAAAEwFAYIKoZIhvcNAwcECO1Bnrgd7fYNBAjPpUIiQkL5kQ==","guid":"{ac6d5d59-579c-415e-bebe-bfb90458de98}","encType":1,"timeCreated":1447320827523,"timeLastUsed":1447323900953,"timePasswordChanged":1447320827523,"timesUsed":2},{"id":14,"hostname":"https://v3.vitechinc.com","httpRealm":null,"formSubmitURL":"https://v3.vitechinc.com","usernameField":"userName","passwordField":"password","encryptedUsername":"MDIEEPgAAAAAAAAAAAAAAAAAAAEwFAYIKoZIhvcNAwcECDnJvT/pHrH/BAjYj4vNZvB6Fw==","encryptedPassword":"MDIEEPgAAAAAAAAAAAAAAAAAAAEwFAYIKoZIhvcNAwcECAX4sUrKz9mRBAgUu5s8om9SHQ==","guid":"{5746bd53-ee11-4531-a2ef-841c06226280}","encType":1,"timeCreated":1469700613640,"timeLastUsed":1469700701355,"timePasswordChanged":1469700613640,"timesUsed":3},{"id":15,"hostname":"https://v3dev.vitechinc.com","httpRealm":null,"formSubmitURL":"https://v3dev.vitechinc.com","usernameField":"userName","passwordField":"password","encryptedUsername":"MDoEEPgAAAAAAAAAAAAAAAAAAAEwFAYIKoZIhvcNAwcECPHiBot81jSIBBCyxOIw2+AiJOo2vfYusm3e","encryptedPassword":"MDIEEPgAAAAAAAAAAAAAAAAAAAEwFAYIKoZIhvcNAwcECAYT331yNVJbBAjuZ2Lyj0RjFQ==","guid":"{fa35fc04-2e7b-410d-9a67-712456b8517f}","encType":1,"timeCreated":1470909369572,"timeLastUsed":1539572970864,"timePasswordChanged":1470909369572,"timesUsed":8},{"id":16,"hostname":"https://v3dev.vitechinc.com","httpRealm":null,"formSubmitURL":"https://v3dev.vitechinc.com","usernameField":"userName","passwordField":"password","encryptedUsername":"MDoEEPgAAAAAAAAAAAAAAAAAAAEwFAYIKoZIhvcNAwcECNWl3PLU/sRPBBADoJhiCNuTaz+QJFj89QAZ","encryptedPassword":"MDIEEPgAAAAAAAAAAAAAAAAAAAEwFAYIKoZIhvcNAwcECMJD5xdONHsgBAiS6xqUwka/eA==","guid":"{ac85d52c-1092-4866-b5b9-af74d86e5de6}","encType":1,"timeCreated":1470910117070,"timeLastUsed":1470910117070,"timePasswordChanged":1470910117070,"timesUsed":1},{"id":17,"hostname":"https://v3dev.vitechinc.com","httpRealm":null,"formSubmitURL":"https://v3dev.vitechinc.com","usernameField":"userName","passwordField":"password","encryptedUsername":"MDIEEPgAAAAAAAAAAAAAAAAAAAEwFAYIKoZIhvcNAwcECKOXV2l3SvB9BAh6VMKnQtLyPQ==","encryptedPassword":"MDIEEPgAAAAAAAAAAAAAAAAAAAEwFAYIKoZIhvcNAwcECOyyQPUPopijBAizN2Om+F+DeA==","guid":"{dd532aca-b2e5-42c9-93b0-2515e3c215ae}","encType":1,"timeCreated":1470910496540,"timeLastUsed":1470910496540,"timePasswordChanged":1470910496540,"timesUsed":1},{"id":18,"hostname":"https://v3dev.vitechinc.com","httpRealm":null,"formSubmitURL":"https://v3dev.vitechinc.com","usernameField":"userName","passwordField":"password","encryptedUsername":"MDoEEPgAAAAAAAAAAAAAAAAAAAEwFAYIKoZIhvcNAwcECFwyKyp6ySSLBBCTD7GswHseK0y890Tbyg01","encryptedPassword":"MDoEEPgAAAAAAAAAAAAAAAAAAAEwFAYIKoZIhvcNAwcECCGN77Wgb8D8BBDVNEkg10DY5cvm7XWinEX7","guid":"{3ba61159-bc4b-4421-a00e-7edb644eaa44}","encType":1,"timeCreated":1475692912354,"timeLastUsed":1475693461900,"timePasswordChanged":1475692912354,"timesUsed":2},{"id":19,"hostname":"https://v3dev.vitechinc.com","httpRealm":null,"formSubmitURL":"https://v3dev.vitechinc.com","usernameField":"","passwordField":"","encryptedUsername":"MDIEEPgAAAAAAAAAAAAAAAAAAAEwFAYIKoZIhvcNAwcECCunM2X0rc/XBAjPLb8U46Vd3A==","encryptedPassword":"MDoEEPgAAAAAAAAAAAAAAAAAAAEwFAYIKoZIhvcNAwcECLS9ll1j++roBBA9dmSYNF44I016evWc8YCK","guid":"{0023531c-83ff-4835-a88b-c2dddba8f301}","encType":1,"timeCreated":1489147383853,"timeLastUsed":1562676497649,"timePasswordChanged":1489147383853,"timesUsed":16},{"id":20,"hostname":"https://prod.vitechinc.com","httpRealm":null,"formSubmitURL":"https://prod.vitechinc.com","usernameField":"userName","passwordField":"password","encryptedUsername":"MDIEEPgAAAAAAAAAAAAAAAAAAAEwFAYIKoZIhvcNAwcECOSQxpcxSxUYBAhFlQbe7ahMfg==","encryptedPassword":"MDIEEPgAAAAAAAAAAAAAAAAAAAEwFAYIKoZIhvcNAwcECFPIT/dtc7tZBAjjFS2tE/6eZg==","guid":"{df3b9c20-acc3-4136-b170-f968b6cb817a}","encType":1,"timeCreated":1505815482202,"timeLastUsed":1505815845012,"timePasswordChanged":1505815482202,"timesUsed":3},{"id":21,"hostname":"https://v3dev.vitechinc.com","httpRealm":null,"formSubmitURL":"https://v3dev.vitechinc.com","usernameField":"userName","passwordField":"password","encryptedUsername":"MDIEEPgAAAAAAAAAAAAAAAAAAAEwFAYIKoZIhvcNAwcECEA+kP5Pk8myBAhCt6TFaJlAuw==","encryptedPassword":"MDIEEPgAAAAAAAAAAAAAAAAAAAEwFAYIKoZIhvcNAwcECKjGJOdjHjr4BAjY0mrwd7eMfw==","guid":"{2233919d-027c-4c40-89d8-03374ea7e87c}","encType":1,"timeCreated":1510869547990,"timeLastUsed":1510869547990,"timePasswordChanged":1510869547990,"timesUsed":1},{"id":22,"hostname":"https://v3dev.vitechinc.com","httpRealm":null,"formSubmitURL":"https://v3dev.vitechinc.com","usernameField":"username","passwordField":"password","encryptedUsername":"MDIEEPgAAAAAAAAAAAAAAAAAAAEwFAYIKoZIhvcNAwcECNHR/X5lZmQaBAhi5EUE0Nsacw==","encryptedPassword":"MDIEEPgAAAAAAAAAAAAAAAAAAAEwFAYIKoZIhvcNAwcECCiO4pt+ABoYBAiKe72HZlDhPw==","guid":"{bc42e826-117e-4d30-993d-104e4817b9f9}","encType":1,"timeCreated":1510870501685,"timeLastUsed":1510870501685,"timePasswordChanged":1510870501685,"timesUsed":1},{"id":23,"hostname":"https://v3dev.vitechinc.com","httpRealm":null,"formSubmitURL":"https://v3dev.vitechinc.com","usernameField":"username","passwordField":"password","encryptedUsername":"MDIEEPgAAAAAAAAAAAAAAAAAAAEwFAYIKoZIhvcNAwcECFUTOtSZV8b8BAgm+h18oVmkyw==","encryptedPassword":"MDIEEPgAAAAAAAAAAAAAAAAAAAEwFAYIKoZIhvcNAwcECMmNMg5xG3y5BAj2l/vkjE3iRg==","guid":"{38f75840-a878-4c78-bd8b-0cea343f9b76}","encType":1,"timeCreated":1510869228159,"timeLastUsed":1510869228159,"timePasswordChanged":1510869228159,"timesUsed":2},{"id":24,"hostname":"https://v3dev.vitechinc.com","httpRealm":null,"formSubmitURL":"https://v3dev.vitechinc.com","usernameField":"userName","passwordField":"password","encryptedUsername":"MDIEEPgAAAAAAAAAAAAAAAAAAAEwFAYIKoZIhvcNAwcECL8zge1qqOyuBAjyIXIJ8TG9Pw==","encryptedPassword":"MDIEEPgAAAAAAAAAAAAAAAAAAAEwFAYIKoZIhvcNAwcECEfHa/6CTAuTBAj9ipQdyy/c/Q==","guid":"{f8285b02-fc1c-4134-ac30-045bf3d4f490}","encType":1,"timeCreated":1511220097831,"timeLastUsed":1511220097831,"timePasswordChanged":1511220097831,"timesUsed":1},{"id":25,"hostname":"https://v3dev.vitechinc.com","httpRealm":null,"formSubmitURL":"https://v3dev.vitechinc.com","usernameField":"username","passwordField":"password","encryptedUsername":"MDoEEPgAAAAAAAAAAAAAAAAAAAEwFAYIKoZIhvcNAwcECG2lMfgWyaMxBBCE7274YhEQmw3NdOtNZsmd","encryptedPassword":"MDIEEPgAAAAAAAAAAAAAAAAAAAEwFAYIKoZIhvcNAwcECNhAIdCPoaEwBAi7FFHnTCiWCQ==","guid":"{7262ad26-4156-4825-b5c4-3b5fa4543a62}","encType":1,"timeCreated":1510872776549,"timeLastUsed":1510872776549,"timePasswordChanged":1510872776549,"timesUsed":2},{"id":26,"hostname":"https://v3dev.vitechinc.com","httpRealm":null,"formSubmitURL":"https://v3dev.vitechinc.com","usernameField":"username","passwordField":"password","encryptedUsername":"MDIEEPgAAAAAAAAAAAAAAAAAAAEwFAYIKoZIhvcNAwcECKDi5sN6UefvBAgpzoEkoMiHdg==","encryptedPassword":"MDIEEPgAAAAAAAAAAAAAAAAAAAEwFAYIKoZIhvcNAwcECLN/zAsr6sirBAiDIqL0afPyGw==","guid":"{cd57f582-3fa3-476e-822b-1a56f18a18c9}","encType":1,"timeCreated":1513786706052,"timeLastUsed":1513786706052,"timePasswordChanged":1513786706052,"timesUsed":1},{"id":27,"hostname":"https://portal.vitechinc.com","httpRealm":null,"formSubmitURL":"https://portal.vitechinc.com","usernameField":"log","passwordField":"pwd","encryptedUsername":"MDoEEPgAAAAAAAAAAAAAAAAAAAEwFAYIKoZIhvcNAwcECB3MDgE/KpMnBBCKRSlNEgbHPhuZqVOPGqJF","encryptedPassword":"MDoEEPgAAAAAAAAAAAAAAAAAAAEwFAYIKoZIhvcNAwcECLzcoaHwe4qXBBDsi3fCEedmppp/KLGYRWKz","guid":"{3d52c844-0105-41df-8094-4e17d99103cc}","encType":1,"timeCreated":1511193844970,"timeLastUsed":1511193844970,"timePasswordChanged":1511193844970,"timesUsed":11},{"id":28,"hostname":"https://v3dev.vitechinc.com","httpRealm":null,"formSubmitURL":"https://v3dev.vitechinc.com","usernameField":"username","passwordField":"password","encryptedUsername":"MDIEEPgAAAAAAAAAAAAAAAAAAAEwFAYIKoZIhvcNAwcECPiuasq6UK4LBAhP84tN4GCXzA==","encryptedPassword":"MDIEEPgAAAAAAAAAAAAAAAAAAAEwFAYIKoZIhvcNAwcECPYIjO5RY0IOBAjR8qay+WIMiQ==","guid":"{0ed9e253-debc-4cf5-860b-cbad4b35bd0f}","encType":1,"timeCreated":1514840268267,"timeLastUsed":1514840268267,"timePasswordChanged":1514840268267,"timesUsed":1},{"id":29,"hostname":"https://v3dev.vitechinc.com","httpRealm":null,"formSubmitURL":"https://v3dev.vitechinc.com","usernameField":"userName","passwordField":"password","encryptedUsername":"MDIEEPgAAAAAAAAAAAAAAAAAAAEwFAYIKoZIhvcNAwcECMGRYuEz6uHHBAiiR+49HKuSJg==","encryptedPassword":"MDIEEPgAAAAAAAAAAAAAAAAAAAEwFAYIKoZIhvcNAwcECINqCAywdsuVBAiueJnxPM/qjg==","guid":"{dc24f54f-3e3a-468b-a836-5f5aa068f22d}","encType":1,"timeCreated":1511200426171,"timeLastUsed":1511200426171,"timePasswordChanged":1511200426171,"timesUsed":3},{"id":30,"hostname":"https://v3dev.vitechinc.com","httpRealm":null,"formSubmitURL":"https://v3dev.vitechinc.com","usernameField":"username","passwordField":"password","encryptedUsername":"MDIEEPgAAAAAAAAAAAAAAAAAAAEwFAYIKoZIhvcNAwcECCK3fh1OXNlvBAhb9R114Z4cVQ==","encryptedPassword":"MDIEEPgAAAAAAAAAAAAAAAAAAAEwFAYIKoZIhvcNAwcECPf44L4OhG1yBAiKxudCvCPRTA==","guid":"{34db99b2-3bd6-4a1a-86d9-64da9c64848b}","encType":1,"timeCreated":1513805329691,"timeLastUsed":1513805329691,"timePasswordChanged":1513805329691,"timesUsed":2},{"id":31,"hostname":"https://v3dev.vitechinc.com","httpRealm":null,"formSubmitURL":"https://v3dev.vitechinc.com","usernameField":"username","passwordField":"password","encryptedUsername":"MDIEEPgAAAAAAAAAAAAAAAAAAAEwFAYIKoZIhvcNAwcECA8wQjMjDZn+BAh8dx6a2QHd/w==","encryptedPassword":"MDIEEPgAAAAAAAAAAAAAAAAAAAEwFAYIKoZIhvcNAwcECP6tWqWxmPDEBAgWi8sal7K+Yw==","guid":"{f3b8e146-03c9-49f0-9afe-84e16dcdb527}","encType":1,"timeCreated":1511212644282,"timeLastUsed":1511212644282,"timePasswordChanged":1511212644282,"timesUsed":1},{"id":32,"hostname":"https://v3dev.vitechinc.com","httpRealm":null,"formSubmitURL":"https://v3dev.vitechinc.com","usernameField":"username","passwordField":"password","encryptedUsername":"MDIEEPgAAAAAAAAAAAAAAAAAAAEwFAYIKoZIhvcNAwcECNYRAWcJVMhKBAhyQlmm/wirbw==","encryptedPassword":"MDIEEPgAAAAAAAAAAAAAAAAAAAEwFAYIKoZIhvcNAwcECH2a9E+7HN67BAgTxzUvE2wNDQ==","guid":"{ea9b6b2a-9aab-4576-a30b-778d241d2e5e}","encType":1,"timeCreated":1513201549943,"timeLastUsed":1513201549943,"timePasswordChanged":1513201549943,"timesUsed":11},{"id":33,"hostname":"https://v3dev.vitechinc.com","httpRealm":null,"formSubmitURL":"https://v3dev.vitechinc.com","usernameField":"username","passwordField":"password","encryptedUsername":"MDIEEPgAAAAAAAAAAAAAAAAAAAEwFAYIKoZIhvcNAwcECDKs4Tyru7xIBAhgVoc5Cgyzag==","encryptedPassword":"MDIEEPgAAAAAAAAAAAAAAAAAAAEwFAYIKoZIhvcNAwcECNFkaNNhcZwfBAiXWbW7CUTiiw==","guid":"{e1f164aa-3073-4101-9b1f-a8f8cd2320af}","encType":1,"timeCreated":1510871373431,"timeLastUsed":1510871373431,"timePasswordChanged":1510871373431,"timesUsed":1},{"id":34,"hostname":"https://v3dev.vitechinc.com","httpRealm":null,"formSubmitURL":"https://v3dev.vitechinc.com","usernameField":"username","passwordField":"password","encryptedUsername":"MDIEEPgAAAAAAAAAAAAAAAAAAAEwFAYIKoZIhvcNAwcECK43ofvTWFxWBAhABp3MSYCaFA==","encryptedPassword":"MDIEEPgAAAAAAAAAAAAAAAAAAAEwFAYIKoZIhvcNAwcECO+AwTxgQs41BAgcXvlyoqNh9g==","guid":"{aa3cc1eb-eb6e-45ea-85b3-0ac3c7987378}","encType":1,"timeCreated":1515704727669,"timeLastUsed":1515704727669,"timePasswordChanged":1515704727669,"timesUsed":1},{"id":35,"hostname":"https://v3dev.vitechinc.com","httpRealm":null,"formSubmitURL":"https://v3dev.vitechinc.com","usernameField":"username","passwordField":"password","encryptedUsername":"MDIEEPgAAAAAAAAAAAAAAAAAAAEwFAYIKoZIhvcNAwcECP7ZIHGvS7FhBAhpXB6HUHlMGA==","encryptedPassword":"MDIEEPgAAAAAAAAAAAAAAAAAAAEwFAYIKoZIhvcNAwcECAjMA0O/gxmPBAh5wKtzzjrgCg==","guid":"{8f9d0377-f52d-41b2-bb89-12cfb498c8da}","encType":1,"timeCreated":1511296707874,"timeLastUsed":1511296707874,"timePasswordChanged":1511296707874,"timesUsed":1},{"id":36,"hostname":"https://v3dev.vitechinc.com","httpRealm":null,"formSubmitURL":"https://v3dev.vitechinc.com","usernameField":"username","passwordField":"password","encryptedUsername":"MDIEEPgAAAAAAAAAAAAAAAAAAAEwFAYIKoZIhvcNAwcECLvLuiyzaKNJBAjg7OWBFnzsOw==","encryptedPassword":"MDIEEPgAAAAAAAAAAAAAAAAAAAEwFAYIKoZIhvcNAwcECFiTzayXicSGBAi5XZvb65w+wA==","guid":"{4180eb2e-0447-426f-a35c-f59e28cc6f12}","encType":1,"timeCreated":1510873586143,"timeLastUsed":1510873586143,"timePasswordChanged":1510873586143,"timesUsed":4},{"id":37,"hostname":"https://v3.vitechinc.com","httpRealm":null,"formSubmitURL":"https://v3.vitechinc.com","usernameField":"username","passwordField":"password","encryptedUsername":"MDIEEPgAAAAAAAAAAAAAAAAAAAEwFAYIKoZIhvcNAwcECD974TmkoqoRBAjbh2t37AHXEA==","encryptedPassword":"MDIEEPgAAAAAAAAAAAAAAAAAAAEwFAYIKoZIhvcNAwcECD+HPIiZaZj2BAjxi07tsdU/cA==","guid":"{599f0b0b-34e1-4b9e-af30-da33dfe07cce}","encType":1,"timeCreated":1518652846090,"timeLastUsed":1518652846090,"timePasswordChanged":1518652846090,"timesUsed":31},{"id":38,"hostname":"https://v3.vitechinc.com","httpRealm":null,"formSubmitURL":"https://v3.vitechinc.com","usernameField":"userName","passwordField":"password","encryptedUsername":"MDoEEPgAAAAAAAAAAAAAAAAAAAEwFAYIKoZIhvcNAwcECD//ha+gINjCBBBCvo5AIbYexhl93qoxFvbN","encryptedPassword":"MDoEEPgAAAAAAAAAAAAAAAAAAAEwFAYIKoZIhvcNAwcECBc6WjyoRXqDBBAEtQrAxd9RVmDUH8BZZ9+f","guid":"{131a6d17-e160-4887-be2f-079c0ecef906}","encType":1,"timeCreated":1518718448783,"timeLastUsed":1518718448783,"timePasswordChanged":1518718448783,"timesUsed":27},{"id":39,"hostname":"https://v3.vitechinc.com","httpRealm":null,"formSubmitURL":"https://v3.vitechinc.com","usernameField":"username","passwordField":"password","encryptedUsername":"MDoEEPgAAAAAAAAAAAAAAAAAAAEwFAYIKoZIhvcNAwcECLsLXIITUTFGBBB3yiNc3S9Q51UlE/xpybjh","encryptedPassword":"MDoEEPgAAAAAAAAAAAAAAAAAAAEwFAYIKoZIhvcNAwcECDHARvoomHxvBBC0xkOdo3J3w5BGUpx1XsRA","guid":"{e1ca4970-98c7-4835-b0da-f8b47a386e73}","encType":1,"timeCreated":1518718505518,"timeLastUsed":1518718505518,"timePasswordChanged":1518718505518,"timesUsed":12},{"id":40,"hostname":"https://v3.vitechinc.com","httpRealm":null,"formSubmitURL":"https://v3.vitechinc.com","usernameField":"username","passwordField":"password","encryptedUsername":"MDIEEPgAAAAAAAAAAAAAAAAAAAEwFAYIKoZIhvcNAwcECOyXxTI6hhVABAiwcZq1mHAHmw==","encryptedPassword":"MDIEEPgAAAAAAAAAAAAAAAAAAAEwFAYIKoZIhvcNAwcECDr4i4KoFdXLBAi5jJjzzUkv1Q==","guid":"{048de7df-27c2-4d35-864a-29ff0599c552}","encType":1,"timeCreated":1518729211579,"timeLastUsed":1518729211579,"timePasswordChanged":1518729211579,"timesUsed":1},{"id":41,"hostname":"https://v3dev.vitechinc.com","httpRealm":null,"formSubmitURL":"https://v3dev.vitechinc.com","usernameField":"username","passwordField":"password","encryptedUsername":"MDIEEPgAAAAAAAAAAAAAAAAAAAEwFAYIKoZIhvcNAwcECBchjJSmD13hBAg4+73iVPSlrQ==","encryptedPassword":"MDIEEPgAAAAAAAAAAAAAAAAAAAEwFAYIKoZIhvcNAwcECAaiGwYeurhUBAhlPqvf0axVPQ==","guid":"{2cb545d3-95dd-4bc7-a6ac-1f315b3c419d}","encType":1,"timeCreated":1515624305550,"timeLastUsed":1515624305550,"timePasswordChanged":1515624305550,"timesUsed":1},{"id":42,"hostname":"https://v3dev.vitechinc.com","httpRealm":null,"formSubmitURL":"https://v3dev.vitechinc.com","usernameField":"username","passwordField":"password","encryptedUsername":"MDIEEPgAAAAAAAAAAAAAAAAAAAEwFAYIKoZIhvcNAwcECIBC1z1Uo+vgBAg3rjuKg2Cj6A==","encryptedPassword":"MDIEEPgAAAAAAAAAAAAAAAAAAAEwFAYIKoZIhvcNAwcECAMmKV9HNTqHBAiB31KwjeUwQQ==","guid":"{5b066242-b39b-4d3a-a9ac-b727eb35aa43}","encType":1,"timeCreated":1511218674412,"timeLastUsed":1511218674412,"timePasswordChanged":1511218674412,"timesUsed":36},{"id":43,"hostname":"https://v3.vitechinc.com","httpRealm":null,"formSubmitURL":"https://v3.vitechinc.com","usernameField":"username","passwordField":"password","encryptedUsername":"MDIEEPgAAAAAAAAAAAAAAAAAAAEwFAYIKoZIhvcNAwcECHZP6knXE0sfBAjubMyyh83OEw==","encryptedPassword":"MDoEEPgAAAAAAAAAAAAAAAAAAAEwFAYIKoZIhvcNAwcECGQjNlK0C+1RBBButjwi/SE4mD/ZGV0JPSJJ","guid":"{9d0d9488-96fc-49e2-99d5-397a1d9de0a7}","encType":1,"timeCreated":1511080028223,"timeLastUsed":1511080028223,"timePasswordChanged":1511080028223,"timesUsed":51},{"id":44,"hostname":"https://v3dev.vitechinc.com","httpRealm":null,"formSubmitURL":"https://v3dev.vitechinc.com","usernameField":"userName","passwordField":"password","encryptedUsername":"MDIEEPgAAAAAAAAAAAAAAAAAAAEwFAYIKoZIhvcNAwcECPClj5zFRHH9BAj3PEthoY7erA==","encryptedPassword":"MDIEEPgAAAAAAAAAAAAAAAAAAAEwFAYIKoZIhvcNAwcECKx5uHSUTPTcBAh+dXt9zAjGGA==","guid":"{146dc74e-65e5-4643-87f5-65cb80e8243c}","encType":1,"timeCreated":1511220661715,"timeLastUsed":1511220661715,"timePasswordChanged":1511220661715,"timesUsed":5},{"id":45,"hostname":"https://v3dev.vitechinc.com","httpRealm":null,"formSubmitURL":"https://v3dev.vitechinc.com","usernameField":"username","passwordField":"password","encryptedUsername":"MDoEEPgAAAAAAAAAAAAAAAAAAAEwFAYIKoZIhvcNAwcECGzuCgu7yx9zBBCt77q82duPZREZKVNoioH9","encryptedPassword":"MDoEEPgAAAAAAAAAAAAAAAAAAAEwFAYIKoZIhvcNAwcECHvmzt3D9vy5BBDS2zT9Kb8vFX3IzsspxRXH","guid":"{544474ac-1eac-4cba-8af4-63128b750551}","encType":1,"timeCreated":1511979936171,"timeLastUsed":1511979936171,"timePasswordChanged":1511979936171,"timesUsed":13},{"id":46,"hostname":"https://v3dev.vitechinc.com","httpRealm":null,"formSubmitURL":"https://v3dev.vitechinc.com","usernameField":"username","passwordField":"password","encryptedUsername":"MDIEEPgAAAAAAAAAAAAAAAAAAAEwFAYIKoZIhvcNAwcECOjXXUrq14t0BAgGUYBUPaoP9w==","encryptedPassword":"MDIEEPgAAAAAAAAAAAAAAAAAAAEwFAYIKoZIhvcNAwcECMuqv7DwZjeHBAiJwvG0HD6tHQ==","guid":"{a9e26071-ef07-471b-8a3b-4a31fae84998}","encType":1,"timeCreated":1510700739371,"timeLastUsed":1510700739371,"timePasswordChanged":1510700739371,"timesUsed":1},{"id":47,"hostname":"https://v3dev.vitechinc.com","httpRealm":null,"formSubmitURL":"https://v3dev.vitechinc.com","usernameField":"username","passwordField":"password","encryptedUsername":"MDIEEPgAAAAAAAAAAAAAAAAAAAEwFAYIKoZIhvcNAwcECFwg/11R/xopBAgp0CTkhPG9ag==","encryptedPassword":"MDoEEPgAAAAAAAAAAAAAAAAAAAEwFAYIKoZIhvcNAwcECEQcHCHW3U/0BBBI9b+YSPq3dBOx6R3y1yvL","guid":"{2179e508-0a36-4f6c-9082-8cfc683aa11b}","encType":1,"timeCreated":1510700277631,"timeLastUsed":1510700277631,"timePasswordChanged":1510700277631,"timesUsed":2},{"id":48,"hostname":"https://v3dev.vitechinc.com","httpRealm":null,"formSubmitURL":"https://v3dev.vitechinc.com","usernameField":"userName","passwordField":"password","encryptedUsername":"MDoEEPgAAAAAAAAAAAAAAAAAAAEwFAYIKoZIhvcNAwcECIqBuctwYw17BBA4LN5gpXcG13M9BQIVzeJn","encryptedPassword":"MDoEEPgAAAAAAAAAAAAAAAAAAAEwFAYIKoZIhvcNAwcECCbC5OtCxP7JBBC1G3/fsO7VzIVsUY0F2QIW","guid":"{8cd96465-b15c-4923-bf93-2ffdc51757ca}","encType":1,"timeCreated":1511194470103,"timeLastUsed":1539585549341,"timePasswordChanged":1511194470103,"timesUsed":34},{"id":49,"hostname":"https://v310pggoldqa.v3locity.com","httpRealm":null,"formSubmitURL":"https://v310pggoldqa.v3locity.com","usernameField":"username","passwordField":"password","encryptedUsername":"MDoEEPgAAAAAAAAAAAAAAAAAAAEwFAYIKoZIhvcNAwcECPSwdxTzzf9rBBB8DZBs5hNiOEucpMhozELm","encryptedPassword":"MDoEEPgAAAAAAAAAAAAAAAAAAAEwFAYIKoZIhvcNAwcECBXBhjJOzSGuBBDbvXvHKKbYVFmEpPW6c6Qj","guid":"{4defa167-f3a6-443a-b48a-059cbfef7afa}","encType":1,"timeCreated":1519852431268,"timeLastUsed":1519852431268,"timePasswordChanged":1519852431268,"timesUsed":1},{"id":50,"hostname":"https://v3dev.vitechinc.com","httpRealm":null,"formSubmitURL":"https://v3dev.vitechinc.com","usernameField":"username","passwordField":"password","encryptedUsername":"MDIEEPgAAAAAAAAAAAAAAAAAAAEwFAYIKoZIhvcNAwcECNSuhjITFs3qBAiQIAtwGumR1w==","encryptedPassword":"MDIEEPgAAAAAAAAAAAAAAAAAAAEwFAYIKoZIhvcNAwcECNo0hEGgM+niBAg+ObztBDMN1Q==","guid":"{a4a59098-23b8-4d54-aae0-3d32f14abc42}","encType":1,"timeCreated":1510960581414,"timeLastUsed":1510960581414,"timePasswordChanged":1510960581414,"timesUsed":7},{"id":51,"hostname":"https://v3dev.vitechinc.com","httpRealm":null,"formSubmitURL":"https://v3dev.vitechinc.com","usernameField":"username","passwordField":"password","encryptedUsername":"MDIEEPgAAAAAAAAAAAAAAAAAAAEwFAYIKoZIhvcNAwcECIMvj7Y4mkJEBAjyMdmfEHgDMw==","encryptedPassword":"MDIEEPgAAAAAAAAAAAAAAAAAAAEwFAYIKoZIhvcNAwcECGKmN+Wg7nNzBAgB3i2pvOkdNw==","guid":"{572a1381-751e-4809-b872-8bf5efe8f971}","encType":1,"timeCreated":1510869887337,"timeLastUsed":1510869887337,"timePasswordChanged":1510869887337,"timesUsed":14},{"id":52,"hostname":"https://v310pggoldqa.v3locity.com","httpRealm":null,"formSubmitURL":"https://v310pggoldqa.v3locity.com","usernameField":"userName","passwordField":"password","encryptedUsername":"MDIEEPgAAAAAAAAAAAAAAAAAAAEwFAYIKoZIhvcNAwcECIqxlu05dOTvBAiiDDMnw1Pusw==","encryptedPassword":"MDIEEPgAAAAAAAAAAAAAAAAAAAEwFAYIKoZIhvcNAwcECC2q+pAxr0OKBAg+KEv8mCoMbw==","guid":"{022d8c24-742f-4e44-ad4d-7b9a6f2a263b}","encType":1,"timeCreated":1520452817547,"timeLastUsed":1520452817547,"timePasswordChanged":1520452817547,"timesUsed":1},{"id":53,"hostname":"https://v310pggoldqa.v3locity.com","httpRealm":null,"formSubmitURL":"https://v310pggoldqa.v3locity.com","usernameField":"userName","passwordField":"password","encryptedUsername":"MDIEEPgAAAAAAAAAAAAAAAAAAAEwFAYIKoZIhvcNAwcECF9P6NTJaNa4BAjyHNxlQI5Z6g==","encryptedPassword":"MDIEEPgAAAAAAAAAAAAAAAAAAAEwFAYIKoZIhvcNAwcECGw4xOfxtqheBAjKgzgCFaj3XA==","guid":"{9d622f65-d15e-472d-9c65-4d59276bb327}","encType":1,"timeCreated":1520456520319,"timeLastUsed":1520456520319,"timePasswordChanged":1520456520319,"timesUsed":1},{"id":54,"hostname":"https://v310pggoldqa.v3locity.com","httpRealm":null,"formSubmitURL":"https://v310pggoldqa.v3locity.com","usernameField":"userName","passwordField":"password","encryptedUsername":"MDIEEPgAAAAAAAAAAAAAAAAAAAEwFAYIKoZIhvcNAwcECNfuZPLzY9afBAjwCxQEaGqYPw==","encryptedPassword":"MDIEEPgAAAAAAAAAAAAAAAAAAAEwFAYIKoZIhvcNAwcECFFHvHtVf++JBAiupke0+x2o0A==","guid":"{ad1bfb52-f47b-4cd9-9bfe-30ca6ae8ac28}","encType":1,"timeCreated":1520457339416,"timeLastUsed":1520457339416,"timePasswordChanged":1520457339416,"timesUsed":1},{"id":55,"hostname":"https://v310pggoldqa.v3locity.com","httpRealm":null,"formSubmitURL":"https://v310pggoldqa.v3locity.com","usernameField":"userName","passwordField":"password","encryptedUsername":"MDIEEPgAAAAAAAAAAAAAAAAAAAEwFAYIKoZIhvcNAwcECMCcX/LT96EFBAgcci8GXivXKg==","encryptedPassword":"MDoEEPgAAAAAAAAAAAAAAAAAAAEwFAYIKoZIhvcNAwcECDsdN/5Hv7BqBBDXWyJ7RMWzdgOBgg8YA1Ep","guid":"{ab43d297-fdf1-469a-a3c2-3124f2103afa}","encType":1,"timeCreated":1520457451576,"timeLastUsed":1520457451576,"timePasswordChanged":1520457451576,"timesUsed":1},{"id":56,"hostname":"https://v310pggoldqa.v3locity.com","httpRealm":null,"formSubmitURL":"https://v310pggolddev.v3locity.com","usernameField":"username","passwordField":"password","encryptedUsername":"MDIEEPgAAAAAAAAAAAAAAAAAAAEwFAYIKoZIhvcNAwcECPjqV3RM50j7BAiMsCiKeAZxPQ==","encryptedPassword":"MDIEEPgAAAAAAAAAAAAAAAAAAAEwFAYIKoZIhvcNAwcECMjZaHUxoPLJBAiUUbE+HxxubA==","guid":"{20b8cb40-94aa-4cf1-877b-c461795749e2}","encType":1,"timeCreated":1520465540219,"timeLastUsed":1520465540219,"timePasswordChanged":1520465540219,"timesUsed":1},{"id":57,"hostname":"https://v310pggoldqa.v3locity.com","httpRealm":null,"formSubmitURL":"https://v310pggoldqa.v3locity.com","usernameField":"userName","passwordField":"password","encryptedUsername":"MDIEEPgAAAAAAAAAAAAAAAAAAAEwFAYIKoZIhvcNAwcECKSSUlf+u6scBAiFYlKjARh6OA==","encryptedPassword":"MDIEEPgAAAAAAAAAAAAAAAAAAAEwFAYIKoZIhvcNAwcECF466I9IfPnkBAjUIU0EMdVbkQ==","guid":"{a1c4d2ff-08ee-4274-99d0-f9d218edc345}","encType":1,"timeCreated":1520454110896,"timeLastUsed":1520454110896,"timePasswordChanged":1520454110896,"timesUsed":1},{"id":58,"hostname":"https://v310pggoldqa.v3locity.com","httpRealm":null,"formSubmitURL":"https://v310pggoldqa.v3locity.com","usernameField":"userName","passwordField":"password","encryptedUsername":"MDIEEPgAAAAAAAAAAAAAAAAAAAEwFAYIKoZIhvcNAwcECPLNrrGDzAtCBAhC3otN5sfHHQ==","encryptedPassword":"MDIEEPgAAAAAAAAAAAAAAAAAAAEwFAYIKoZIhvcNAwcECJzdz06c8ZqaBAi9/BNhsa004g==","guid":"{e46de5f9-8eb6-4c7d-a207-de14c49f201a}","encType":1,"timeCreated":1520467326332,"timeLastUsed":1520467326332,"timePasswordChanged":1520467326332,"timesUsed":1},{"id":59,"hostname":"https://v3.vitechinc.com","httpRealm":null,"formSubmitURL":"https://v3.vitechinc.com","usernameField":"userName","passwordField":"passWord","encryptedUsername":"MDIEEPgAAAAAAAAAAAAAAAAAAAEwFAYIKoZIhvcNAwcECJ544I7fL9n6BAgymA0g6jVz2A==","encryptedPassword":"MDIEEPgAAAAAAAAAAAAAAAAAAAEwFAYIKoZIhvcNAwcECHQmPWLA6mkVBAhVFXuvEapI8Q==","guid":"{4d4c14c5-229d-4981-a61e-a02c5d75a459}","encType":1,"timeCreated":1510784858587,"timeLastUsed":1510784858587,"timePasswordChanged":1510784858587,"timesUsed":14},{"id":60,"hostname":"https://v310pggoldqa.v3locity.com","httpRealm":null,"formSubmitURL":"https://v310pggoldqa.v3locity.com","usernameField":"username","passwordField":"password","encryptedUsername":"MDoEEPgAAAAAAAAAAAAAAAAAAAEwFAYIKoZIhvcNAwcECNyxFYa6Q1aLBBBRjKJTxwX2flO4byt4VZMv","encryptedPassword":"MDoEEPgAAAAAAAAAAAAAAAAAAAEwFAYIKoZIhvcNAwcECNFjpKmdyKkkBBC+BTSv3EJqWa/iv68tc+/H","guid":"{7beb211b-8dd1-4256-bb4d-bc7108472e50}","encType":1,"timeCreated":1520626533864,"timeLastUsed":1520626533864,"timePasswordChanged":1520626533864,"timesUsed":1},{"id":61,"hostname":"https://v310pggoldqa.v3locity.com","httpRealm":null,"formSubmitURL":"https://v310pggoldqa.v3locity.com","usernameField":"userName","passwordField":"password","encryptedUsername":"MDoEEPgAAAAAAAAAAAAAAAAAAAEwFAYIKoZIhvcNAwcECM+6vDbbzK5LBBCNQoch/bYrK+F+JU6NG3v9","encryptedPassword":"MDoEEPgAAAAAAAAAAAAAAAAAAAEwFAYIKoZIhvcNAwcECMVaGd2wgzvWBBD7AxvAwYw4U8OcdM/g2A3T","guid":"{ca2d7a63-d0ab-44f8-a4b3-8a0c43569b5a}","encType":1,"timeCreated":1520453802971,"timeLastUsed":1520453802971,"timePasswordChanged":1520453802971,"timesUsed":1},{"id":62,"hostname":"https://v310pggoldqa.v3locity.com","httpRealm":null,"formSubmitURL":"https://v310pggoldqa.v3locity.com","usernameField":"username","passwordField":"password","encryptedUsername":"MDIEEPgAAAAAAAAAAAAAAAAAAAEwFAYIKoZIhvcNAwcECAszcTIlUYIGBAgDZIJBUjO2Bg==","encryptedPassword":"MDIEEPgAAAAAAAAAAAAAAAAAAAEwFAYIKoZIhvcNAwcECJtvQ5bgg0qSBAjteNNg/toS2Q==","guid":"{61ed3719-b0fc-4d13-9d6f-6ff3ed451255}","encType":1,"timeCreated":1520626885964,"timeLastUsed":1520626885964,"timePasswordChanged":1520626885964,"timesUsed":1},{"id":63,"hostname":"https://v310pggoldqa.v3locity.com","httpRealm":null,"formSubmitURL":"https://v310pggoldqa.v3locity.com","usernameField":"userName","passwordField":"password","encryptedUsername":"MDIEEPgAAAAAAAAAAAAAAAAAAAEwFAYIKoZIhvcNAwcECOC+021KSCf6BAh91UOKK5ZgiA==","encryptedPassword":"MDIEEPgAAAAAAAAAAAAAAAAAAAEwFAYIKoZIhvcNAwcECB5kgnEeIld5BAjmYc0ZB8KIJQ==","guid":"{0d501604-cadf-41ba-9df8-87276ae17a78}","encType":1,"timeCreated":1520451074986,"timeLastUsed":1520451074986,"timePasswordChanged":1520451074986,"timesUsed":2},{"id":64,"hostname":"https://v310pggoldqa.v3locity.com","httpRealm":null,"formSubmitURL":"https://v310pggoldqa.v3locity.com","usernameField":"userName","passwordField":"password","encryptedUsername":"MDIEEPgAAAAAAAAAAAAAAAAAAAEwFAYIKoZIhvcNAwcECOEJJhR/gt5pBAhsiDkgUSNHMw==","encryptedPassword":"MDIEEPgAAAAAAAAAAAAAAAAAAAEwFAYIKoZIhvcNAwcECDvoI2vdTVrEBAhAXZBCDqf2+g==","guid":"{1a198548-46a8-4128-81ac-fa46adf522ec}","encType":1,"timeCreated":1520455898358,"timeLastUsed":1520455898358,"timePasswordChanged":1520455898358,"timesUsed":1},{"id":65,"hostname":"https://v310pggoldqa.v3locity.com","httpRealm":null,"formSubmitURL":"https://v310pggoldqa.v3locity.com","usernameField":"userName","passwordField":"password","encryptedUsername":"MDIEEPgAAAAAAAAAAAAAAAAAAAEwFAYIKoZIhvcNAwcECDXPOajkPjCgBAj49U3SEsTISg==","encryptedPassword":"MDIEEPgAAAAAAAAAAAAAAAAAAAEwFAYIKoZIhvcNAwcECFt6ihFubASFBAgMzWs0d+9v4A==","guid":"{7ddcb3c1-143b-43b1-be30-b3563001755d}","encType":1,"timeCreated":1520456178783,"timeLastUsed":1520456178783,"timePasswordChanged":1520456178783,"timesUsed":1},{"id":66,"hostname":"https://v310pggoldqa.v3locity.com","httpRealm":null,"formSubmitURL":"https://v310pggoldqa.v3locity.com","usernameField":"userName","passwordField":"password","encryptedUsername":"MDoEEPgAAAAAAAAAAAAAAAAAAAEwFAYIKoZIhvcNAwcECIf+UxqEBd3pBBBKtCIJs/5J0Rvxb1jBOpHc","encryptedPassword":"MDIEEPgAAAAAAAAAAAAAAAAAAAEwFAYIKoZIhvcNAwcECCiHLuPMV1vOBAghJ6LU//VizA==","guid":"{842ab04d-ebce-436c-89e3-028e1e747607}","encType":1,"timeCreated":1520632233880,"timeLastUsed":1520632233880,"timePasswordChanged":1520632233880,"timesUsed":1},{"id":67,"hostname":"https://v310pggoldqa.v3locity.com","httpRealm":null,"formSubmitURL":"https://v310pggoldqa.v3locity.com","usernameField":"userName","passwordField":"password","encryptedUsername":"MDIEEPgAAAAAAAAAAAAAAAAAAAEwFAYIKoZIhvcNAwcECNmCJRemh0hZBAgR4CeFXDOLaQ==","encryptedPassword":"MDIEEPgAAAAAAAAAAAAAAAAAAAEwFAYIKoZIhvcNAwcECIaykCMmrWLEBAgVEnpKkHNgAw==","guid":"{34f859ad-e38a-4d51-a723-b5dccd32c07a}","encType":1,"timeCreated":1520458052967,"timeLastUsed":1520458052967,"timePasswordChanged":1520458052967,"timesUsed":1},{"id":68,"hostname":"https://v3dev.vitechinc.com","httpRealm":null,"formSubmitURL":"https://v3dev.vitechinc.com","usernameField":"userName","passwordField":"password","encryptedUsername":"MDIEEPgAAAAAAAAAAAAAAAAAAAEwFAYIKoZIhvcNAwcECECA18FCBHhRBAjZlrpF3Sg2jA==","encryptedPassword":"MDIEEPgAAAAAAAAAAAAAAAAAAAEwFAYIKoZIhvcNAwcECPyuO1VYDIK4BAjwl8qq0edpEA==","guid":"{a95fe820-f0d5-40ff-aa17-fdbe746b4ceb}","encType":1,"timeCreated":1510858585273,"timeLastUsed":1510858585273,"timePasswordChanged":1510858585273,"timesUsed":14},{"id":69,"hostname":"https://v310pggoldqa.v3locity.com","httpRealm":null,"formSubmitURL":"https://v310pggoldqa.v3locity.com","usernameField":"username","passwordField":"password","encryptedUsername":"MDIEEPgAAAAAAAAAAAAAAAAAAAEwFAYIKoZIhvcNAwcECBVEcvV9n0/+BAgLO7Xq8pprTg==","encryptedPassword":"MDIEEPgAAAAAAAAAAAAAAAAAAAEwFAYIKoZIhvcNAwcECLuqEQoJzkeaBAjDeh7VEWXkfQ==","guid":"{9516ee38-c156-46ea-8e20-27eebbc066f5}","encType":1,"timeCreated":1520636242171,"timeLastUsed":1520636242171,"timePasswordChanged":1520636242171,"timesUsed":2},{"id":70,"hostname":"https://v310pggoldqa.v3locity.com","httpRealm":null,"formSubmitURL":"https://v310pggoldqa.v3locity.com","usernameField":"userName","passwordField":"password","encryptedUsername":"MDIEEPgAAAAAAAAAAAAAAAAAAAEwFAYIKoZIhvcNAwcECEuJWVoyzajxBAgWyxskHvKAZg==","encryptedPassword":"MDIEEPgAAAAAAAAAAAAAAAAAAAEwFAYIKoZIhvcNAwcECNJ8lku9QwrmBAhO9kWRZTVDQA==","guid":"{185e8ffd-060f-486d-a97d-dff12d4195a7}","encType":1,"timeCreated":1520888951776,"timeLastUsed":1520888951776,"timePasswordChanged":1520888951776,"timesUsed":1},{"id":71,"hostname":"https://v310pggolddev.v3locity.com","httpRealm":null,"formSubmitURL":"https://v310pggoldqaess.v3locity.com","usernameField":"username","passwordField":"password","encryptedUsername":"MDIEEPgAAAAAAAAAAAAAAAAAAAEwFAYIKoZIhvcNAwcECPGp13ZZ9YM5BAgUVINULN0wmQ==","encryptedPassword":"MDoEEPgAAAAAAAAAAAAAAAAAAAEwFAYIKoZIhvcNAwcECI/LmGrf067PBBCa/Sl2xk1c6WZrXcxEi4mR","guid":"{2708bdec-9c57-48e6-a94c-ec448f9dd66e}","encType":1,"timeCreated":1520890725211,"timeLastUsed":1520890725211,"timePasswordChanged":1520890725211,"timesUsed":1},{"id":72,"hostname":"https://v310pggolddev.v3locity.com","httpRealm":null,"formSubmitURL":"https://v310pggolddev.v3locity.com","usernameField":"username","passwordField":"password","encryptedUsername":"MDIEEPgAAAAAAAAAAAAAAAAAAAEwFAYIKoZIhvcNAwcECLLiAqF8VY5SBAgKrVP+QJgKdg==","encryptedPassword":"MDIEEPgAAAAAAAAAAAAAAAAAAAEwFAYIKoZIhvcNAwcECM+j8mvuf2EoBAjZn4BDoqKPHQ==","guid":"{e7e10276-ee64-4737-a52b-a021e68bc660}","encType":1,"timeCreated":1520890864622,"timeLastUsed":1520890864622,"timePasswordChanged":1520890864622,"timesUsed":1},{"id":73,"hostname":"https://v310pggolddev.v3locity.com","httpRealm":null,"formSubmitURL":"https://v310pggolddev.v3locity.com","usernameField":"username","passwordField":"password","encryptedUsername":"MDoEEPgAAAAAAAAAAAAAAAAAAAEwFAYIKoZIhvcNAwcECPF5k5ci4UgYBBDua0h9Vx6ZATYm7O18U651","encryptedPassword":"MDoEEPgAAAAAAAAAAAAAAAAAAAEwFAYIKoZIhvcNAwcECCyWAO51EBPTBBCsIlDBRKWxqe9z+iNjecpn","guid":"{4a690dbc-9210-498b-b197-e3b22ea17c2d}","encType":1,"timeCreated":1520895072985,"timeLastUsed":1520895072985,"timePasswordChanged":1520895072985,"timesUsed":2},{"id":74,"hostname":"https://v310pggoldqa.v3locity.com","httpRealm":null,"formSubmitURL":"https://v310pggoldqa.v3locity.com","usernameField":"username","passwordField":"password","encryptedUsername":"MDoEEPgAAAAAAAAAAAAAAAAAAAEwFAYIKoZIhvcNAwcECGtmYJ74FXr1BBBKIEG8ybZKqn3OKq5RudkC","encryptedPassword":"MDIEEPgAAAAAAAAAAAAAAAAAAAEwFAYIKoZIhvcNAwcECOc0/yGf5qCiBAhPXOucXHkmEg==","guid":"{a48a624b-646f-44ba-879c-914e916c0840}","encType":1,"timeCreated":1520973254376,"timeLastUsed":1520973254376,"timePasswordChanged":1520973254376,"timesUsed":1},{"id":75,"hostname":"https://v310pggoldqa.v3locity.com","httpRealm":null,"formSubmitURL":"https://v310pggoldqa.v3locity.com","usernameField":"username","passwordField":"password","encryptedUsername":"MDIEEPgAAAAAAAAAAAAAAAAAAAEwFAYIKoZIhvcNAwcECMQpmLVXVTHzBAg+OEjQSx4mnQ==","encryptedPassword":"MDoEEPgAAAAAAAAAAAAAAAAAAAEwFAYIKoZIhvcNAwcECJu3MQCiMJlrBBCbp3IqoL3UGYNqKJlIPMeh","guid":"{a128c81b-52ca-4f24-891b-3c42387f1fa5}","encType":1,"timeCreated":1520973323019,"timeLastUsed":1520973323019,"timePasswordChanged":1520973323019,"timesUsed":1},{"id":76,"hostname":"https://v310pggoldqa.v3locity.com","httpRealm":null,"formSubmitURL":"https://v310pggoldqa.v3locity.com","usernameField":"username","passwordField":"password","encryptedUsername":"MDIEEPgAAAAAAAAAAAAAAAAAAAEwFAYIKoZIhvcNAwcECH3q0SBBETjfBAgnmuZ7nQbUhw==","encryptedPassword":"MDIEEPgAAAAAAAAAAAAAAAAAAAEwFAYIKoZIhvcNAwcECPgbn9r9Y0wuBAjRy13QUkFQWQ==","guid":"{01e6f424-d798-443b-ba73-382987922e4d}","encType":1,"timeCreated":1520973489962,"timeLastUsed":1520973489962,"timePasswordChanged":1520973489962,"timesUsed":1},{"id":77,"hostname":"https://v310pggolddev.v3locity.com","httpRealm":null,"formSubmitURL":"https://v310pggolddev.v3locity.com","usernameField":"userName","passwordField":"password","encryptedUsername":"MDIEEPgAAAAAAAAAAAAAAAAAAAEwFAYIKoZIhvcNAwcECH78Y1gPpcA5BAgh7hVT/esTbQ==","encryptedPassword":"MDIEEPgAAAAAAAAAAAAAAAAAAAEwFAYIKoZIhvcNAwcECEjrWQM6VumOBAjEMQp5HKasJQ==","guid":"{6ccdb06e-8c38-4e61-9b2a-09fbcda3440b}","encType":1,"timeCreated":1520976649124,"timeLastUsed":1520976649124,"timePasswordChanged":1520976649124,"timesUsed":1},{"id":78,"hostname":"https://v310pggolddev.v3locity.com","httpRealm":null,"formSubmitURL":"https://v310pggolddev.v3locity.com","usernameField":"username","passwordField":"password","encryptedUsername":"MDIEEPgAAAAAAAAAAAAAAAAAAAEwFAYIKoZIhvcNAwcECPuHZLC2TkWIBAiWagxXplg50Q==","encryptedPassword":"MDIEEPgAAAAAAAAAAAAAAAAAAAEwFAYIKoZIhvcNAwcECDdXX6NFJBdZBAixwOSeuLjErw==","guid":"{a94e1719-56f6-4dbb-93a7-3ee5d02280a7}","encType":1,"timeCreated":1520976799370,"timeLastUsed":1520976799370,"timePasswordChanged":1520976799370,"timesUsed":1},{"id":79,"hostname":"https://v310pggolddev.v3locity.com","httpRealm":null,"formSubmitURL":"https://v310pggolddev.v3locity.com","usernameField":"userName","passwordField":"password","encryptedUsername":"MDIEEPgAAAAAAAAAAAAAAAAAAAEwFAYIKoZIhvcNAwcECDrYC3jTUqI5BAhw5n0JKUDdOQ==","encryptedPassword":"MDIEEPgAAAAAAAAAAAAAAAAAAAEwFAYIKoZIhvcNAwcECKpwd+1xYNbmBAivF9L5bnCPWA==","guid":"{add5a39f-84e9-49e7-b707-76c181b41ef1}","encType":1,"timeCreated":1520893948101,"timeLastUsed":1520893948101,"timePasswordChanged":1520893948101,"timesUsed":1},{"id":80,"hostname":"https://v310pggolddev.v3locity.com","httpRealm":null,"formSubmitURL":"https://v310pggolddev.v3locity.com","usernameField":"userName","passwordField":"password","encryptedUsername":"MDIEEPgAAAAAAAAAAAAAAAAAAAEwFAYIKoZIhvcNAwcECNKjrgB57VAIBAgKf1fargeSMg==","encryptedPassword":"MDIEEPgAAAAAAAAAAAAAAAAAAAEwFAYIKoZIhvcNAwcECJFe+bkIWldcBAh75Y2/yvbLSg==","guid":"{70c93b9b-9271-4f58-82a0-acd844dded5b}","encType":1,"timeCreated":1520894008986,"timeLastUsed":1520894008986,"timePasswordChanged":1520894008986,"timesUsed":1},{"id":81,"hostname":"https://v310pggolddev.v3locity.com","httpRealm":null,"formSubmitURL":"https://v310pggolddev.v3locity.com","usernameField":"userName","passwordField":"password","encryptedUsername":"MDIEEPgAAAAAAAAAAAAAAAAAAAEwFAYIKoZIhvcNAwcECJMIBuLoqRp2BAgO89vm/L3fHQ==","encryptedPassword":"MDIEEPgAAAAAAAAAAAAAAAAAAAEwFAYIKoZIhvcNAwcECOZktznbAF+EBAg6osBVkHnQDg==","guid":"{7e281c77-35a3-4dc3-91ce-51e5b7244ec8}","encType":1,"timeCreated":1520978608190,"timeLastUsed":1520978608190,"timePasswordChanged":1520978608190,"timesUsed":1},{"id":82,"hostname":"https://v310pggolddev.v3locity.com","httpRealm":null,"formSubmitURL":"https://v310pggolddev.v3locity.com","usernameField":"userName","passwordField":"password","encryptedUsername":"MDIEEPgAAAAAAAAAAAAAAAAAAAEwFAYIKoZIhvcNAwcECEn1bCTWH5QDBAjW/JvhWyd6VQ==","encryptedPassword":"MDIEEPgAAAAAAAAAAAAAAAAAAAEwFAYIKoZIhvcNAwcECGCu/oLSlU0HBAhg958y+fv/tg==","guid":"{bbce0351-35a6-49e0-8256-8998fd8a181b}","encType":1,"timeCreated":1520978687300,"timeLastUsed":1520978687300,"timePasswordChanged":1520978687300,"timesUsed":1},{"id":83,"hostname":"https://v310pggolddev.v3locity.com","httpRealm":null,"formSubmitURL":"https://v310pggolddev.v3locity.com","usernameField":"userName","passwordField":"password","encryptedUsername":"MDIEEPgAAAAAAAAAAAAAAAAAAAEwFAYIKoZIhvcNAwcECIKudcOj4fQkBAgRX0QAyrSaVQ==","encryptedPassword":"MDoEEPgAAAAAAAAAAAAAAAAAAAEwFAYIKoZIhvcNAwcECN6yPfcpu6RbBBD4QUJ6vkie0aWe2wq6eXqy","guid":"{918ce422-648d-4074-a2ad-c3db31c3b4fb}","encType":1,"timeCreated":1520979592941,"timeLastUsed":1520979592941,"timePasswordChanged":1520979592941,"timesUsed":1},{"id":84,"hostname":"https://v310pggolddev.v3locity.com","httpRealm":null,"formSubmitURL":"https://v310pggolddev.v3locity.com","usernameField":"username","passwordField":"password","encryptedUsername":"MDoEEPgAAAAAAAAAAAAAAAAAAAEwFAYIKoZIhvcNAwcECBMT6PkMSE+WBBAN7GKgm58RVygWm5ktJhZM","encryptedPassword":"MDIEEPgAAAAAAAAAAAAAAAAAAAEwFAYIKoZIhvcNAwcECLIu/NbBJX0hBAhUfQLIY9oTqQ==","guid":"{be92e98e-5478-4000-8e3d-739e7668a16c}","encType":1,"timeCreated":1520899381730,"timeLastUsed":1520899381730,"timePasswordChanged":1520899381730,"timesUsed":1},{"id":85,"hostname":"https://v310pggolddev.v3locity.com","httpRealm":null,"formSubmitURL":"https://v310pggolddev.v3locity.com","usernameField":"username","passwordField":"password","encryptedUsername":"MDoEEPgAAAAAAAAAAAAAAAAAAAEwFAYIKoZIhvcNAwcECDQHJ2xTZTxNBBCNeSwMjBZ/xEpEzkFQsqWz","encryptedPassword":"MDoEEPgAAAAAAAAAAAAAAAAAAAEwFAYIKoZIhvcNAwcECFb/Rse/hXrLBBAdh9mJ1A+MILIqSnJb2dsW","guid":"{48177984-0b92-416e-9234-ad4267abe817}","encType":1,"timeCreated":1520892385665,"timeLastUsed":1520892385665,"timePasswordChanged":1520892385665,"timesUsed":2},{"id":86,"hostname":"https://v310pggolddev.v3locity.com","httpRealm":null,"formSubmitURL":"https://v310pggolddev.v3locity.com","usernameField":"userName","passwordField":"password","encryptedUsername":"MDIEEPgAAAAAAAAAAAAAAAAAAAEwFAYIKoZIhvcNAwcECHXCIhhPQs2oBAjr9FwjecGdKw==","encryptedPassword":"MDIEEPgAAAAAAAAAAAAAAAAAAAEwFAYIKoZIhvcNAwcECL4M0rzNpbhCBAg2J/0AIamh6A==","guid":"{d7b5ebd9-3b5f-4dde-9ce3-2b445cf47084}","encType":1,"timeCreated":1520900084282,"timeLastUsed":1520900084282,"timePasswordChanged":1520900084282,"timesUsed":1},{"id":87,"hostname":"https://v310pggolddev.v3locity.com","httpRealm":null,"formSubmitURL":"https://v310pggolddev.v3locity.com","usernameField":"userName","passwordField":"password","encryptedUsername":"MDoEEPgAAAAAAAAAAAAAAAAAAAEwFAYIKoZIhvcNAwcECK7v0FTPBcGrBBCutSeN7rvHxViHwkCmIuA/","encryptedPassword":"MDIEEPgAAAAAAAAAAAAAAAAAAAEwFAYIKoZIhvcNAwcECFQFTlGObrw0BAjqYH63RaG8Tw==","guid":"{6402c818-9cb9-4b38-b04a-b73ffa4372c4}","encType":1,"timeCreated":1520983871310,"timeLastUsed":1520983871310,"timePasswordChanged":1520983871310,"timesUsed":1},{"id":88,"hostname":"https://v310pggoldqaess.v3locity.com","httpRealm":null,"formSubmitURL":"https://v310pggoldqaess.v3locity.com","usernameField":"userName","passwordField":"password","encryptedUsername":"MDIEEPgAAAAAAAAAAAAAAAAAAAEwFAYIKoZIhvcNAwcECGt0moFj3pMYBAjm0TnB30ctWA==","encryptedPassword":"MDoEEPgAAAAAAAAAAAAAAAAAAAEwFAYIKoZIhvcNAwcECBkZ9fE4s/mKBBAKkHh9k1oSz8MRzYRj+YZr","guid":"{ee95da69-45ba-4358-9b78-2f5ea89cec82}","encType":1,"timeCreated":1521050995793,"timeLastUsed":1521050995793,"timePasswordChanged":1521050995793,"timesUsed":3},{"id":89,"hostname":"https://v310pggoldqa.v3locity.com","httpRealm":null,"formSubmitURL":"https://v310pggoldqa.v3locity.com","usernameField":"username","passwordField":"password","encryptedUsername":"MDIEEPgAAAAAAAAAAAAAAAAAAAEwFAYIKoZIhvcNAwcECKhXH2CXE1v5BAhtcFjidgeUJQ==","encryptedPassword":"MDIEEPgAAAAAAAAAAAAAAAAAAAEwFAYIKoZIhvcNAwcECIfwMeXZgUuWBAibwtYP/wjCDw==","guid":"{78775ed7-8722-43fa-809a-61fd947325de}","encType":1,"timeCreated":1520456035272,"timeLastUsed":1520456035272,"timePasswordChanged":1520456035272,"timesUsed":3},{"id":90,"hostname":"https://v310pggoldqaess.v3locity.com","httpRealm":null,"formSubmitURL":"https://v310pggoldqaess.v3locity.com","usernameField":"userName","passwordField":"password","encryptedUsername":"MDIEEPgAAAAAAAAAAAAAAAAAAAEwFAYIKoZIhvcNAwcECG1L/ZKulzT6BAiTu/pACQ86Ag==","encryptedPassword":"MDIEEPgAAAAAAAAAAAAAAAAAAAEwFAYIKoZIhvcNAwcECKq6of1E6ygTBAiGrnypFFLejw==","guid":"{e22a27c5-552b-43dd-9d76-7d445600413d}","encType":1,"timeCreated":1521052550177,"timeLastUsed":1521052550177,"timePasswordChanged":1521052550177,"timesUsed":2},{"id":91,"hostname":"https://v310pggoldqaess.v3locity.com","httpRealm":null,"formSubmitURL":"https://v310pggoldqaess.v3locity.com","usernameField":"userName","passwordField":"password","encryptedUsername":"MDIEEPgAAAAAAAAAAAAAAAAAAAEwFAYIKoZIhvcNAwcECOIRIL1wGrg2BAhcCYsAiUCAxw==","encryptedPassword":"MDIEEPgAAAAAAAAAAAAAAAAAAAEwFAYIKoZIhvcNAwcECJ3VLhgqvsb0BAhBdNeqYezYrg==","guid":"{e5c21b44-2cf3-4067-b000-34e89eccfe8a}","encType":1,"timeCreated":1521052986152,"timeLastUsed":1521052986152,"timePasswordChanged":1521052986152,"timesUsed":1},{"id":92,"hostname":"https://v310pggoldqa.v3locity.com","httpRealm":null,"formSubmitURL":"https://v310pggoldqa.v3locity.com","usernameField":"username","passwordField":"password","encryptedUsername":"MDIEEPgAAAAAAAAAAAAAAAAAAAEwFAYIKoZIhvcNAwcECBgFlEQraTYDBAgURCJUkzO8tA==","encryptedPassword":"MDIEEPgAAAAAAAAAAAAAAAAAAAEwFAYIKoZIhvcNAwcECNxbZx6hQ2pXBAg4uOmUEXebOQ==","guid":"{f8d90459-bc2d-4a2e-9631-7f45964bdbb8}","encType":1,"timeCreated":1521053061741,"timeLastUsed":1521053061741,"timePasswordChanged":1521053061741,"timesUsed":1},{"id":93,"hostname":"https://v310pggoldqaess.v3locity.com","httpRealm":null,"formSubmitURL":"https://v310pggoldqaess.v3locity.com","usernameField":"userName","passwordField":"password","encryptedUsername":"MDIEEPgAAAAAAAAAAAAAAAAAAAEwFAYIKoZIhvcNAwcECEUnCmWLbIpGBAjX7zanBOF8yQ==","encryptedPassword":"MDIEEPgAAAAAAAAAAAAAAAAAAAEwFAYIKoZIhvcNAwcECKlgaxDEXQsWBAhkGXrsg9t37A==","guid":"{d9114ee7-9ccc-41a1-a34d-ab07fd1156bc}","encType":1,"timeCreated":1521053769178,"timeLastUsed":1521053769178,"timePasswordChanged":1521053769178,"timesUsed":1},{"id":94,"hostname":"https://v310pggolddev.v3locity.com","httpRealm":null,"formSubmitURL":"https://v310pggolddev.v3locity.com","usernameField":"userName","passwordField":"password","encryptedUsername":"MDIEEPgAAAAAAAAAAAAAAAAAAAEwFAYIKoZIhvcNAwcECDTUd87S6TnjBAgcOWit7lr2yw==","encryptedPassword":"MDIEEPgAAAAAAAAAAAAAAAAAAAEwFAYIKoZIhvcNAwcECPbouHsKJEriBAgYu2RPAAqF3A==","guid":"{62807012-3471-462a-9117-e90bf169b6b8}","encType":1,"timeCreated":1521057433537,"timeLastUsed":1521057433537,"timePasswordChanged":1521057433537,"timesUsed":1},{"id":95,"hostname":"https://v3dev.vitechinc.com","httpRealm":null,"formSubmitURL":"https://v3dev.vitechinc.com","usernameField":"username","passwordField":"password","encryptedUsername":"MDoEEPgAAAAAAAAAAAAAAAAAAAEwFAYIKoZIhvcNAwcECMLiFFUCd+WWBBBOlu0rKgD7nP9FSpZp5Ehm","encryptedPassword":"MDIEEPgAAAAAAAAAAAAAAAAAAAEwFAYIKoZIhvcNAwcECH+Sop8XwRMmBAiJbcBFzr/s5A==","guid":"{2bf65e40-a4e8-4593-8f44-7c8f1cc9276a}","encType":1,"timeCreated":1515625708978,"timeLastUsed":1515625708978,"timePasswordChanged":1515625708978,"timesUsed":8},{"id":96,"hostname":"https://v3dev.vitechinc.com","httpRealm":null,"formSubmitURL":"https://v3dev.vitechinc.com","usernameField":"username","passwordField":"password","encryptedUsername":"MDIEEPgAAAAAAAAAAAAAAAAAAAEwFAYIKoZIhvcNAwcECKiHnn2nvlREBAiHFluS2Qnpsg==","encryptedPassword":"MDIEEPgAAAAAAAAAAAAAAAAAAAEwFAYIKoZIhvcNAwcECEmq90mkytw/BAjMSXJWMDzqkg==","guid":"{cab554bc-5ef8-49a0-9ea5-92693dfbcbd5}","encType":1,"timeCreated":1515625567572,"timeLastUsed":1515625567572,"timePasswordChanged":1515625567572,"timesUsed":1},{"id":97,"hostname":"https://v3dev.vitechinc.com","httpRealm":null,"formSubmitURL":"https://v3dev.vitechinc.com","usernameField":"username","passwordField":"password","encryptedUsername":"MDoEEPgAAAAAAAAAAAAAAAAAAAEwFAYIKoZIhvcNAwcECHpO2qaza5+wBBC9nfkprWmJU+yZdZofCq+Y","encryptedPassword":"MDIEEPgAAAAAAAAAAAAAAAAAAAEwFAYIKoZIhvcNAwcECAfbqjU0nBPPBAhYyuNKvW8WtA==","guid":"{093435b9-3169-49a6-a763-e562ed0141c5}","encType":1,"timeCreated":1515624173512,"timeLastUsed":1515624173512,"timePasswordChanged":1515624173512,"timesUsed":1},{"id":98,"hostname":"https://v3dev.vitechinc.com","httpRealm":null,"formSubmitURL":"https://v3dev.vitechinc.com","usernameField":"username","passwordField":"password","encryptedUsername":"MDIEEPgAAAAAAAAAAAAAAAAAAAEwFAYIKoZIhvcNAwcECBhGSf9X8CUQBAgqB0KmkoNhKQ==","encryptedPassword":"MDIEEPgAAAAAAAAAAAAAAAAAAAEwFAYIKoZIhvcNAwcECAWjeTSloSlMBAia9wzC178GgA==","guid":"{c827d6c6-9177-4457-ab09-b90dae101fa5}","encType":1,"timeCreated":1511198266712,"timeLastUsed":1511198266712,"timePasswordChanged":1511198266712,"timesUsed":44},{"id":99,"hostname":"https://v310pggoldqamss.v3locity.com","httpRealm":null,"formSubmitURL":"https://v310pggoldqamss.v3locity.com","usernameField":"userName","passwordField":"password","encryptedUsername":"MDIEEPgAAAAAAAAAAAAAAAAAAAEwFAYIKoZIhvcNAwcECI8WQMqg3Xs3BAhAxgHatYKThQ==","encryptedPassword":"MDIEEPgAAAAAAAAAAAAAAAAAAAEwFAYIKoZIhvcNAwcECJn9LwJQiV/QBAjwKvrObCpp1g==","guid":"{4c70908c-dee0-4cc1-8d27-172fcb260eea}","encType":1,"timeCreated":1521130602830,"timeLastUsed":1521130602830,"timePasswordChanged":1521130602830,"timesUsed":2},{"id":100,"hostname":"https://v310pggoldqamss.v3locity.com","httpRealm":null,"formSubmitURL":"https://v310pggoldqamss.v3locity.com","usernameField":"userName","passwordField":"password","encryptedUsername":"MDIEEPgAAAAAAAAAAAAAAAAAAAEwFAYIKoZIhvcNAwcECH+Qorgtfm0ABAgb2DrGQ6FpUg==","encryptedPassword":"MDIEEPgAAAAAAAAAAAAAAAAAAAEwFAYIKoZIhvcNAwcECGOOBsyZfsBbBAh4PalE9/s5Uw==","guid":"{49e5751f-39d8-435b-b296-b34652029084}","encType":1,"timeCreated":1520963622881,"timeLastUsed":1520963622881,"timePasswordChanged":1520963622881,"timesUsed":4},{"id":101,"hostname":"https://v3dev.vitechinc.com","httpRealm":null,"formSubmitURL":"https://v3dev.vitechinc.com","usernameField":"username","passwordField":"password","encryptedUsername":"MDoEEPgAAAAAAAAAAAAAAAAAAAEwFAYIKoZIhvcNAwcECBzj/tdU+Ox/BBD47PBYzz2AcbHu6c5rZXp0","encryptedPassword":"MDIEEPgAAAAAAAAAAAAAAAAAAAEwFAYIKoZIhvcNAwcECFkdbRMilj30BAjcCqaaF52OEQ==","guid":"{adc2e423-3cea-4250-bf4b-cdf56ae485b2}","encType":1,"timeCreated":1510871608718,"timeLastUsed":1510871608718,"timePasswordChanged":1510871608718,"timesUsed":16},{"id":102,"hostname":"https://v3dev.vitechinc.com","httpRealm":null,"formSubmitURL":"https://v3dev.vitechinc.com","usernameField":"username","passwordField":"password","encryptedUsername":"MDoEEPgAAAAAAAAAAAAAAAAAAAEwFAYIKoZIhvcNAwcECLWKSVBcBWxWBBBCpQ30U0RysYs2NNiL28ao","encryptedPassword":"MDoEEPgAAAAAAAAAAAAAAAAAAAEwFAYIKoZIhvcNAwcECNbQVfXdJ7xHBBAO1psIQakjh6ubTacQgb35","guid":"{ddcd7bbd-94b3-400f-877c-b00992f30171}","encType":1,"timeCreated":1510700034651,"timeLastUsed":1562586554260,"timePasswordChanged":1510700034651,"timesUsed":90},{"id":103,"hostname":"https://v310pggoldqamss.v3locity.com","httpRealm":null,"formSubmitURL":"https://v310pggoldqamss.v3locity.com","usernameField":"userName","passwordField":"password","encryptedUsername":"MDoEEPgAAAAAAAAAAAAAAAAAAAEwFAYIKoZIhvcNAwcECCZxGmMM84JWBBDBuO215+B8LHof4OhK54Q5","encryptedPassword":"MDIEEPgAAAAAAAAAAAAAAAAAAAEwFAYIKoZIhvcNAwcECJvtw7BdN916BAjBQld5pe0QgQ==","guid":"{2c0a58c0-675e-423f-bf11-90cebfd09b9c}","encType":1,"timeCreated":1521140134371,"timeLastUsed":1521140134371,"timePasswordChanged":1521140134371,"timesUsed":1},{"id":104,"hostname":"https://v310pggoldqaess.v3locity.com","httpRealm":null,"formSubmitURL":"https://v310pggoldqaess.v3locity.com","usernameField":"userName","passwordField":"password","encryptedUsername":"MDoEEPgAAAAAAAAAAAAAAAAAAAEwFAYIKoZIhvcNAwcECL4eE8CMSygCBBC7MzwZTkmNaxxBEkJvfkeD","encryptedPassword":"MDIEEPgAAAAAAAAAAAAAAAAAAAEwFAYIKoZIhvcNAwcECMqFM+Z1fFvxBAgzkuyiy55+hA==","guid":"{41f7b7b6-f5d7-48b2-a8b3-cd33c9bac440}","encType":1,"timeCreated":1521129804709,"timeLastUsed":1533154086946,"timePasswordChanged":1521129804709,"timesUsed":3},{"id":105,"hostname":"https://v310pggoldqa.v3locity.com","httpRealm":null,"formSubmitURL":"https://v310pggoldqa.v3locity.com","usernameField":"username","passwordField":"password","encryptedUsername":"MDoEEPgAAAAAAAAAAAAAAAAAAAEwFAYIKoZIhvcNAwcECBaTUBNL/MkEBBCW7Qt4iXQw5a5MDZrCPsS0","encryptedPassword":"MDIEEPgAAAAAAAAAAAAAAAAAAAEwFAYIKoZIhvcNAwcECOg5R3Q0E1lWBAjIooN/He+Y1g==","guid":"{e270b4ab-cc8c-4b1a-86f6-f40d462027da}","encType":1,"timeCreated":1520631759856,"timeLastUsed":1520631759856,"timePasswordChanged":1520631759856,"timesUsed":1},{"id":106,"hostname":"https://portal.vitechinc.com","httpRealm":null,"formSubmitURL":"https://portal.vitechinc.com","usernameField":"log","passwordField":"pwd","encryptedUsername":"MEoEEPgAAAAAAAAAAAAAAAAAAAEwFAYIKoZIhvcNAwcECFOc/NUR1/FSBCBhz/pIEkTO/F8+GlnfwX0ZoQNCh4mA68oagtc/g2/prg==","encryptedPassword":"MDoEEPgAAAAAAAAAAAAAAAAAAAEwFAYIKoZIhvcNAwcECMedZPQHXD/4BBBaDHc60kX12sN0Xa0Xo2E/","guid":"{1ddd5847-3395-4121-b99e-6018c49e574e}","encType":1,"timeCreated":1514571921002,"timeLastUsed":1514571921002,"timePasswordChanged":1514571921002,"timesUsed":9},{"id":107,"hostname":"https://v310pggoldqamss.v3locity.com","httpRealm":null,"formSubmitURL":"https://v310pggoldqamss.v3locity.com","usernameField":"userName","passwordField":"password","encryptedUsername":"MDoEEPgAAAAAAAAAAAAAAAAAAAEwFAYIKoZIhvcNAwcECG50l5DGi2hxBBDjPcSNvfXuMICW11P9t+ZI","encryptedPassword":"MDoEEPgAAAAAAAAAAAAAAAAAAAEwFAYIKoZIhvcNAwcECL0iUXHNw/YKBBDFsTElIBNCb0dLEsFLxJNb","guid":"{8e7d57fd-729c-4e05-a402-e7e1e0296905}","encType":1,"timeCreated":1521041584883,"timeLastUsed":1521041584883,"timePasswordChanged":1521041584883,"timesUsed":4},{"id":108,"hostname":"https://v310pggoldqa.v3locity.com","httpRealm":null,"formSubmitURL":"https://v310pggoldqa.v3locity.com","usernameField":"username","passwordField":"password","encryptedUsername":"MDIEEPgAAAAAAAAAAAAAAAAAAAEwFAYIKoZIhvcNAwcECGDqaHwu0UW6BAh9FZuc2HoVNw==","encryptedPassword":"MDoEEPgAAAAAAAAAAAAAAAAAAAEwFAYIKoZIhvcNAwcECM6+By9rmU9bBBDOxx0COrOLDmihQoAb4T4M","guid":"{e5ff3b83-7657-4b89-95c5-9ef83561c19a}","encType":1,"timeCreated":1519839877511,"timeLastUsed":1519839877511,"timePasswordChanged":1519839877511,"timesUsed":57},{"id":109,"hostname":"https://v310pggolddev.v3locity.com","httpRealm":null,"formSubmitURL":"https://v310pggolddev.v3locity.com","usernameField":"username","passwordField":"password","encryptedUsername":"MDIEEPgAAAAAAAAAAAAAAAAAAAEwFAYIKoZIhvcNAwcECP3IToF/fz70BAhaKtqBgoA92g==","encryptedPassword":"MDIEEPgAAAAAAAAAAAAAAAAAAAEwFAYIKoZIhvcNAwcECMSTO1+liGRUBAh87SfNNbLoag==","guid":"{81705cf2-d368-41a5-b4d7-6e18876d9c46}","encType":1,"timeCreated":1520893259709,"timeLastUsed":1520893259709,"timePasswordChanged":1520893259709,"timesUsed":5},{"id":110,"hostname":"https://v310pggolddev.v3locity.com","httpRealm":null,"formSubmitURL":"https://v310pggolddev.v3locity.com","usernameField":"userName","passwordField":"password","encryptedUsername":"MDIEEPgAAAAAAAAAAAAAAAAAAAEwFAYIKoZIhvcNAwcECO3R7LxXlh6zBAhijb1MMxYZAA==","encryptedPassword":"MDIEEPgAAAAAAAAAAAAAAAAAAAEwFAYIKoZIhvcNAwcECH8p37V+yW1aBAgjE+DsKRRlHQ==","guid":"{e0edef68-304b-4bbe-a4bf-1151cebf3262}","encType":1,"timeCreated":1520893305581,"timeLastUsed":1520893305581,"timePasswordChanged":1520893305581,"timesUsed":4},{"id":111,"hostname":"https://v310pggolddev.v3locity.com","httpRealm":null,"formSubmitURL":"https://v310pggolddev.v3locity.com","usernameField":"userName","passwordField":"password","encryptedUsername":"MDIEEPgAAAAAAAAAAAAAAAAAAAEwFAYIKoZIhvcNAwcECMLTf48GS7uVBAgsUkradqBoVw==","encryptedPassword":"MDIEEPgAAAAAAAAAAAAAAAAAAAEwFAYIKoZIhvcNAwcECBUM7Vh4BUz+BAjXdH/IDp8VoQ==","guid":"{674f6f29-8b4d-48ae-8b9d-3c52a58d5c60}","encType":1,"timeCreated":1520893353409,"timeLastUsed":1520893353409,"timePasswordChanged":1520893353409,"timesUsed":4},{"id":112,"hostname":"https://v310pggolddev.v3locity.com","httpRealm":null,"formSubmitURL":"https://v310pggolddev.v3locity.com","usernameField":"userName","passwordField":"password","encryptedUsername":"MDIEEPgAAAAAAAAAAAAAAAAAAAEwFAYIKoZIhvcNAwcECA007YFcCxmkBAivqIDgx8mR7g==","encryptedPassword":"MDIEEPgAAAAAAAAAAAAAAAAAAAEwFAYIKoZIhvcNAwcECM7ZlA+RnROSBAhOOP7UmnzK1w==","guid":"{3f427bb7-3566-4c9c-8394-713e73bb9c6a}","encType":1,"timeCreated":1521059687523,"timeLastUsed":1521059687523,"timePasswordChanged":1521059687523,"timesUsed":3},{"id":113,"hostname":"https://v310pggolddev.v3locity.com","httpRealm":null,"formSubmitURL":"https://v310pggolddev.v3locity.com","usernameField":"userName","passwordField":"password","encryptedUsername":"MDoEEPgAAAAAAAAAAAAAAAAAAAEwFAYIKoZIhvcNAwcECPg8pKySA7xlBBBOij2uwHg3ARe6vcmxyN1P","encryptedPassword":"MDIEEPgAAAAAAAAAAAAAAAAAAAEwFAYIKoZIhvcNAwcECBmGE9NqqkNCBAglQ2AhqVTgAw==","guid":"{59d51c93-3ea4-4998-8d17-cf507eee3cf6}","encType":1,"timeCreated":1520982538259,"timeLastUsed":1520982538259,"timePasswordChanged":1520982538259,"timesUsed":1},{"id":114,"hostname":"https://v310pggolddev.v3locity.com","httpRealm":null,"formSubmitURL":"https://v310pggolddev.v3locity.com","usernameField":"userName","passwordField":"password","encryptedUsername":"MDIEEPgAAAAAAAAAAAAAAAAAAAEwFAYIKoZIhvcNAwcECLJoNb/Bd57EBAhP5sw3pxFQfg==","encryptedPassword":"MDIEEPgAAAAAAAAAAAAAAAAAAAEwFAYIKoZIhvcNAwcECEY1RS0cIknCBAjS3GoHpT6nHQ==","guid":"{1bfb0a07-ec77-44aa-8204-0a0503da802d}","encType":1,"timeCreated":1521225202812,"timeLastUsed":1521225202812,"timePasswordChanged":1521225202812,"timesUsed":4},{"id":115,"hostname":"https://v310pggolddev.v3locity.com","httpRealm":null,"formSubmitURL":"https://v310pggolddev.v3locity.com","usernameField":"userName","passwordField":"password","encryptedUsername":"MDoEEPgAAAAAAAAAAAAAAAAAAAEwFAYIKoZIhvcNAwcECFOvBDNp77r+BBDtNuTCZY2YDr7LTWHJC44x","encryptedPassword":"MDoEEPgAAAAAAAAAAAAAAAAAAAEwFAYIKoZIhvcNAwcECGGk9vSgkfZOBBAUQ4h2DnXz8XS+WYk0sP+T","guid":"{919ca451-baf1-4794-8c44-9e7fbeb6f782}","encType":1,"timeCreated":1520895028606,"timeLastUsed":1520895028606,"timePasswordChanged":1520895028606,"timesUsed":6},{"id":116,"hostname":"https://v3.vitechinc.com","httpRealm":null,"formSubmitURL":"https://v3.vitechinc.com","usernameField":"userName","passwordField":"password","encryptedUsername":"MDoEEPgAAAAAAAAAAAAAAAAAAAEwFAYIKoZIhvcNAwcECNMdblf6is7EBBDGJM/qtWVGCfpgT6jGDo88","encryptedPassword":"MDoEEPgAAAAAAAAAAAAAAAAAAAEwFAYIKoZIhvcNAwcECA/Dj+q8msVzBBCFMEeHyBUT0FV/CSDXycwI","guid":"{84ea4d54-5263-4229-b3d2-753459f873ac}","encType":1,"timeCreated":1510786711968,"timeLastUsed":1510786711968,"timePasswordChanged":1510786711968,"timesUsed":88},{"id":117,"hostname":"https://v310pggolddev.v3locity.com","httpRealm":null,"formSubmitURL":"https://v310pggolddev.v3locity.com","usernameField":"username","passwordField":"password","encryptedUsername":"MDIEEPgAAAAAAAAAAAAAAAAAAAEwFAYIKoZIhvcNAwcECEdbWa4/j+B3BAgrxXg7ci48qw==","encryptedPassword":"MDIEEPgAAAAAAAAAAAAAAAAAAAEwFAYIKoZIhvcNAwcECD6tBOSW0yXhBAjOV1/H32oOaQ==","guid":"{8d4c95f7-c9c0-45f0-95cd-93f6d18d8853}","encType":1,"timeCreated":1520891180248,"timeLastUsed":1520891180248,"timePasswordChanged":1520891180248,"timesUsed":1},{"id":118,"hostname":"https://v310pggolddev.v3locity.com","httpRealm":null,"formSubmitURL":"https://v310pggolddev.v3locity.com","usernameField":"username","passwordField":"password","encryptedUsername":"MDoEEPgAAAAAAAAAAAAAAAAAAAEwFAYIKoZIhvcNAwcECM6Day0ZpnSZBBBPQNJ5BTV8Nod7UQn7nFYk","encryptedPassword":"MDIEEPgAAAAAAAAAAAAAAAAAAAEwFAYIKoZIhvcNAwcECGrZb/NevZO+BAjLUjfB/unW5A==","guid":"{0979ff49-14ed-4827-8f34-2a8f8b8fd12f}","encType":1,"timeCreated":1520982624668,"timeLastUsed":1520982624668,"timePasswordChanged":1520982624668,"timesUsed":3},{"id":119,"hostname":"https://v310pggolddev.v3locity.com","httpRealm":null,"formSubmitURL":"https://v310pggolddev.v3locity.com","usernameField":"username","passwordField":"password","encryptedUsername":"MDIEEPgAAAAAAAAAAAAAAAAAAAEwFAYIKoZIhvcNAwcECIioNoz/bDW/BAh4BTTlY5XrWg==","encryptedPassword":"MDIEEPgAAAAAAAAAAAAAAAAAAAEwFAYIKoZIhvcNAwcECBwgshaNUafGBAhA4LM+ZPNK9w==","guid":"{4a521813-051a-4cc8-98a5-965ea476422d}","encType":1,"timeCreated":1521248569284,"timeLastUsed":1521248569284,"timePasswordChanged":1521248569284,"timesUsed":3},{"id":120,"hostname":"https://v310pggolddev.v3locity.com","httpRealm":null,"formSubmitURL":"https://v310pggolddev.v3locity.com","usernameField":"username","passwordField":"password","encryptedUsername":"MDIEEPgAAAAAAAAAAAAAAAAAAAEwFAYIKoZIhvcNAwcECGk9eHXsWuD6BAgBoTj4hYIBfQ==","encryptedPassword":"MDoEEPgAAAAAAAAAAAAAAAAAAAEwFAYIKoZIhvcNAwcECH9oxB2Ax3maBBCcQbkG/BgWXcoaauB1Cr5J","guid":"{769afe3b-82c4-4f65-bc42-18adb8eca41b}","encType":1,"timeCreated":1520890090665,"timeLastUsed":1520890090665,"timePasswordChanged":1520890090665,"timesUsed":79},{"id":121,"hostname":"https://v3dev.vitechinc.com","httpRealm":null,"formSubmitURL":"https://v3dev.vitechinc.com","usernameField":"userName","passwordField":"password","encryptedUsername":"MDIEEPgAAAAAAAAAAAAAAAAAAAEwFAYIKoZIhvcNAwcECBXu99cTs5O6BAg8rU7BAhOaRw==","encryptedPassword":"MDIEEPgAAAAAAAAAAAAAAAAAAAEwFAYIKoZIhvcNAwcECGVDg0/S/eWuBAgTlq8rIPYlFA==","guid":"{26d35b72-33d5-4590-bba3-33451ac6a7d4}","encType":1,"timeCreated":1510869104859,"timeLastUsed":1510869104859,"timePasswordChanged":1510869104859,"timesUsed":17}],"version":2,"disabledHosts":[]}