{"hotfix-http-throttling-v2-bug-1462906":{"name":"hotfix-http-throttling-v2-bug-1462906","branch":"hotfix","expired":true,"lastSeen":"2018-08-21T15:30:29.440Z","preferenceName":"network.http.throttle.version","preferenceValue":1,"preferenceType":"integer","previousPreferenceValue":2,"preferenceBranchType":"user","experimentType":"exp"},"pref-flip-activity-stream-60-release-pocket-spocs-optimization-1458310":{"name":"pref-flip-activity-stream-60-release-pocket-spocs-optimization-1458310","branch":"title2","expired":true,"lastSeen":"2018-09-19T15:31:00.078Z","preferenceName":"browser.newtabpage.activity-stream.feeds.section.topstories.options","preferenceValue":"{\"api_key_pref\":\"extensions.pocket.oAuthConsumerKey\",\"hidden\":false,\"provider_icon\":\"pocket\",\"provider_name\":\"Pocket\",\"read_more_endpoint\":\"https://getpocket.com/explore/trending?src=fx_new_tab\",\"stories_endpoint\":\"https://getpocket.cdn.mozilla.net/v3/firefox/global-recs?version=3&consumer_key=$apiKey&locale_lang=en-US&feed_variant=shield_optimization_fx60_spocs_title2\",\"stories_referrer\":\"https://getpocket.com/recommendations\",\"topics_endpoint\":\"https://getpocket.cdn.mozilla.net/v3/firefox/trending-topics?version=2&consumer_key=$apiKey&locale_lang=en-US\",\"show_spocs\":true,\"personalized\":true}","preferenceType":"string","previousPreferenceValue":null,"preferenceBranchType":"user","experimentType":"exp"},"pref-rollout-geolocation-os-api-lte-60-windows-1527748":{"name":"pref-rollout-geolocation-os-api-lte-60-windows-1527748","branch":"rollout","expired":false,"lastSeen":"2019-07-09T10:15:17.775Z","preferenceName":"geo.provider.ms-windows-location","preferenceValue":true,"preferenceType":"boolean","previousPreferenceValue":false,"preferenceBranchType":"default"}}