{"chrome://browser/content/browser.xul":{"titlebar-placeholder-on-menubar-for-caption-buttons":{"width":"138"},"titlebar-placeholder-on-TabsToolbar-for-captions-buttons":{"width":"138"},"main-window":{"screenX":"24","screenY":"24","width":"316","height":"174","sizemode":"maximized"},"sidebar-box":{"checked":"true","src":"chrome://browser/content/bookmarks/bookmarksPanel.xul"},"":{"width":"138"},"navigator-toolbox":{"iconsize":"small"},"nav-bar":{"currentset":"home-button,customizableui-special-spring1,urlbar-container,search-container,customizableui-special-spring2,downloads-button,sidebar-button,firebug-badged-button","collapsed":""},"fbMainFrame":{"width":"","height":""}},"chrome://xpathchecker/content/window.xul":{"xpathchecker-window":{"width":"1371","height":"720"}},"chrome://browser/content/places/places.xul":{"placesContentTags":{"ordinal":"3"},"placesContentUrl":{"ordinal":"5"},"placesContentDate":{"ordinal":"7"},"placesContentVisitCount":{"ordinal":"9"},"placesContentDescription":{"ordinal":"11"},"placesContentDateAdded":{"ordinal":"13","hidden":"false"},"placesContentLastModified":{"ordinal":"15"},"places":{"screenX":"10","screenY":"10","width":"700","height":"500","sizemode":"normal"},"place:folder=21&excludeItems=1&expandQueries=0":{"open":"true"}},"chrome://browser/content/sanitize.xul":{"detailsExpander":{"class":"expander-up"},"itemList":{"collapsed":"false"},"SanitizeDialog":{"screenX":"756","screenY":"443"}},"chrome://browser/content/bookmarks/bookmarksPanel.xul":{"place:sort=8&maxResults=10":{"open":"true"},"place:folder=BOOKMARKS_MENU&folder=UNFILED_BOOKMARKS&folder=TOOLBAR&sort=12&excludeQueries=1&maxResults=10&queryType=1":{"open":"true"},"place:folder=TOOLBAR&queryType=1":{"open":"true"},"place:folder=84&queryType=1":{"open":"true"},"place:folder=78&queryType=1":{"open":"true"},"place:folder=166&queryType=1":{"open":"true"},"place:folder=102&queryType=1":{"open":"true"},"place:folder=198&queryType=1":{"open":"true"},"place:folder=204&queryType=1":{"open":"true"},"place:folder=178&queryType=1":{"open":"true"},"place:folder=BOOKMARKS_MENU&queryType=1":{"open":"true"},"place:sort=14&type=6&maxResults=10&queryType=1":{"open":"true"},"place:folder=209&queryType=1":{"open":"true"},"place:folder=167&queryType=1":{"open":"true"}},"chrome://browser/content/places/bookmarkProperties.xul":{"bookmarkproperties":{"screenX":"780","screenY":"480","width":"376"}},"chrome://browser/content/places/bookmarksSidebar.xul":{"place:folder=BOOKMARKS_MENU":{"open":"true"},"place:folder=TOOLBAR":{"open":"true"},"place:folder=166":{"open":"true"},"place:folder=198":{"open":"true"},"place:folder=167":{"open":"true"},"place:folder=209":{"open":"true"},"place:folder=178":{"open":"true"}},"chrome://firebug/content/firefox/firebugFrame.xul":{"fbSidePanelDeck":{"width":"557"}},"chrome://devtools/content/framework/toolbox-window.xul":{"devtools-toolbox-window":{"screenX":"510","screenY":"360","width":"900","height":"320","sizemode":"normal"}}}